====================================
Matrix 1

-3 -2 19 -7 11 -19 -7 -15 9 6 10 -18 -8 2 -17 -9 16 12 14 -17 -13 -8 17 -11 -13 -12 -10 -8 19 0 
-8 14 9 -13 3 4 -11 -20 0 16 -4 -11 -7 -16 2 -3 10 -8 7 -2 -9 -13 2 -10 10 -7 -9 7 7 14 
-16 5 -13 0 14 -17 8 2 -20 -5 14 7 -9 7 -8 -14 -9 -8 13 7 12 -12 6 20 -11 -9 -14 -5 4 19 
12 5 -1 -19 4 -20 -19 8 1 12 -17 7 -19 -13 -14 -4 -16 13 -9 -5 -9 -8 6 20 -2 3 14 -9 -7 -4 
-7 -6 18 12 15 6 18 -5 11 -2 -12 17 12 -1 2 10 10 -4 18 -2 -3 -2 4 12 -18 -2 0 9 18 -20 
3 9 5 -2 -17 7 -20 -8 12 8 -4 -3 10 -12 0 -15 18 2 7 -20 -17 -13 -6 10 1 -19 0 12 -12 17 
10 14 -12 20 17 16 17 16 14 2 20 -10 -16 -5 -18 -19 19 -8 4 13 13 13 1 -8 5 17 -7 -17 10 -14 
10 -8 -2 20 -5 14 -12 -2 -9 -9 2 -17 -15 13 1 -3 -18 0 -11 6 9 -3 8 12 -18 -18 7 -7 20 -15 
-15 1 11 11 16 8 17 20 -4 14 3 10 10 -12 -6 -11 5 14 -13 -20 17 6 20 6 -4 -10 -3 5 -7 8 
-7 -6 -6 -16 -4 -11 7 -9 -19 16 -6 0 -12 5 4 -17 -19 10 6 8 16 -2 14 -16 -7 20 5 -14 5 20 
-5 -20 20 -11 -9 -4 -7 19 0 17 0 1 -10 13 8 -4 -17 19 -10 11 -6 3 -12 -6 12 18 20 19 -7 0 
-14 17 -10 5 10 -5 16 -11 13 6 10 -10 15 19 4 -7 -15 -6 -17 -4 16 6 -20 10 7 1 -18 16 7 -6 
11 -8 -1 -2 10 -11 6 -4 9 3 10 17 -18 15 -5 7 -3 0 14 -4 1 -13 15 16 -17 -20 -18 -17 -12 19 
-7 -9 4 1 0 4 15 -10 16 -14 10 3 4 8 19 -1 -18 1 -16 13 3 0 -6 -20 -18 6 11 -15 -2 2 
1 -15 -5 -9 1 11 -3 -8 -4 -2 13 4 20 -8 -19 -16 -7 14 -19 8 14 -4 -8 2 7 11 -3 -19 7 15 
4 -9 11 -15 -4 -13 18 -10 8 -14 -6 9 -13 8 3 2 -1 20 -14 -2 -2 15 -10 -11 -8 8 -11 17 -9 -6 
9 0 0 15 8 -4 10 2 -1 -10 20 16 4 -15 1 13 12 -20 -2 9 17 -10 -18 11 -15 9 8 -14 -10 10 
-1 -13 9 17 -18 10 17 -18 -10 -8 -4 -4 3 -11 -18 12 14 13 -12 -17 -18 -16 -5 -20 12 -9 -3 10 -5 -18 
8 4 -3 13 4 -4 -3 10 19 3 -6 20 19 -2 15 -5 14 3 4 -9 -10 6 -6 13 -15 16 -1 10 -5 -10 
1 -18 -7 -14 -11 0 10 19 -16 -9 -11 3 -18 4 2 16 -4 -17 9 -15 11 -5 -11 -16 17 1 -4 -18 -11 18 
5 -10 -8 1 -7 -2 -13 -14 -19 13 -5 -16 -8 -17 -18 -11 -12 -13 -4 -7 -1 2 11 -20 -11 -8 15 12 -4 -15 
2 9 -2 4 15 -11 4 3 11 -19 -20 14 10 12 7 -8 -9 10 17 -4 -18 -17 -14 6 -9 -9 15 5 -16 20 
0 -3 1 -4 20 -18 12 -12 -19 -17 -10 5 -15 18 2 -1 -11 8 15 -7 -10 11 15 16 14 19 2 20 -19 17 
-19 -17 -3 -20 17 -9 11 14 -20 2 -9 -11 13 12 16 -4 -17 20 -12 1 -2 -7 18 17 5 -12 -17 -17 12 10 
11 -11 4 16 8 -11 4 -1 17 20 -11 -15 8 -12 -6 -14 5 12 11 14 -11 -12 -9 2 -16 -19 -2 14 -2 -10 
16 1 17 -5 13 -3 4 -20 17 -18 -12 -13 -2 -20 -17 9 -2 9 9 -9 1 1 -19 -5 16 2 -16 -16 -20 4 
19 19 9 -2 -2 20 10 -1 19 0 0 16 -16 15 1 -3 8 -19 -12 -20 20 -18 -2 0 -2 2 0 -9 8 17 
-19 17 0 1 5 15 5 -16 12 0 -16 -8 0 -15 -9 -9 -19 -17 19 -5 9 10 0 6 -10 8 -18 -7 16 7 
-18 15 -19 10 20 10 -18 9 19 -4 8 12 3 8 -9 20 17 -7 4 -18 14 4 5 15 9 13 11 10 14 -19 
-15 -8 -8 -18 -19 -5 -11 -17 1 -9 -4 -15 18 -13 19 -3 -13 5 4 -15 -17 9 -18 -20 -9 -10 -3 7 -16 -19 

delta=0.5
swaps=7
H(B)=0.613862
b1_norm=67.2607
time_ms=146.376


delta=0.75
swaps=98
H(B)=0.627894
b1_norm=53.4977
time_ms=394.166


delta=0.9
swaps=180
H(B)=0.611969
b1_norm=53.4977
time_ms=418.633


delta=0.95
swaps=230
H(B)=0.607871
b1_norm=53.4977
time_ms=575.127


delta=0.99
swaps=294
H(B)=0.624535
b1_norm=53.4977
time_ms=684.522


====================================
Matrix 2

11 -5 -18 -14 2 -16 13 7 10 18 -2 -7 -11 6 5 -2 17 -20 12 -14 -10 -19 -10 5 -20 -9 6 -11 -14 10 
18 1 -10 14 10 13 1 -6 -5 -4 10 1 -12 13 15 -7 -10 -19 5 -10 14 -18 -1 17 -19 13 18 16 -13 -16 
-6 -3 -6 7 -10 -8 0 6 -11 18 2 14 18 7 -8 8 11 -1 -17 13 -11 -13 -7 -11 0 -15 7 -20 -4 2 
-20 -19 4 -5 -19 16 -17 -8 9 -11 16 -5 -16 -16 -2 -3 -18 -10 -16 -16 10 19 14 -19 1 14 -4 15 5 -7 
2 -20 19 -9 -20 -13 11 -20 -13 14 7 -9 8 -2 -10 2 7 -19 -12 -9 14 -19 -2 -2 18 7 -8 18 -13 3 
-7 -5 -8 -11 -19 -16 -1 -13 13 10 4 -17 4 8 17 -18 16 -20 -20 9 -1 12 3 17 9 9 17 -11 6 -12 
8 -9 -8 -2 10 9 9 16 4 -11 -5 -2 -15 8 14 15 1 3 17 19 -14 -20 11 12 -7 0 -4 -19 7 16 
10 19 10 -11 2 -3 11 -3 7 10 18 -9 6 -15 -13 11 13 5 8 -17 -11 -10 -14 2 -4 13 8 19 17 5 
-2 15 0 -17 -7 -3 -10 7 -7 13 15 15 19 17 1 15 -8 4 -16 -1 -8 -1 1 3 5 -19 -13 -18 18 15 
-8 6 15 -20 -1 19 -9 -1 16 15 -8 15 -6 13 -10 18 6 -9 -17 16 -12 9 -20 6 8 0 -19 -6 11 -10 
-15 -13 -3 13 16 -8 4 -13 -19 -14 13 -16 -17 -11 -19 3 13 2 19 10 9 10 6 14 5 -17 4 16 -8 -5 
3 -15 -5 13 -18 -2 9 -8 0 -7 16 15 -8 2 0 -1 4 -8 15 -1 -13 17 1 -20 4 2 -13 -7 0 17 
17 -4 -3 -7 2 -11 -6 7 18 -13 8 -9 12 0 14 8 7 14 -19 -11 -16 -7 11 9 -11 -16 -9 13 0 -16 
-2 18 4 -2 6 -1 13 -11 -3 15 5 18 -6 -8 -17 3 2 -8 -2 -14 -3 10 17 8 0 13 11 3 15 7 
-16 -7 -16 20 20 -13 -17 -12 3 15 -13 -7 -3 -15 17 -9 -16 1 -11 -20 -14 -4 -15 -2 14 -11 9 18 -19 11 
-14 12 15 -20 -1 1 -15 15 15 2 10 -1 8 -7 16 6 -1 1 -14 3 2 -18 -20 12 0 15 -1 -5 -4 -17 
-18 18 16 15 -18 -4 18 -8 1 -11 -9 -8 13 6 -20 -17 12 -18 -17 8 9 9 20 -20 1 -20 -7 7 17 -3 
14 18 -9 -10 11 19 15 6 -15 -7 8 1 -6 11 -2 -4 -5 20 11 -10 -1 5 12 11 10 -2 17 -19 12 -18 
-17 -15 1 13 -6 16 17 14 -14 -18 -20 18 4 -11 -9 13 -13 11 8 9 -20 12 -17 -8 7 15 8 12 -16 -13 
-6 -9 -13 -8 20 15 20 -15 6 -5 -1 2 -20 15 -7 5 -8 -16 -20 5 -8 3 -11 3 -6 14 -11 -1 -14 14 
18 2 8 -8 3 -17 -16 -19 -18 10 -16 9 -9 -13 14 -7 16 -14 5 13 18 8 1 13 -3 19 -15 -20 -10 -20 
-13 2 16 -8 -4 12 10 -15 -2 3 -11 -19 -13 12 -3 12 8 2 -9 13 13 11 0 -10 -13 -18 9 13 12 3 
-4 20 -3 -1 -8 -16 -19 5 -12 -10 -13 -4 17 -18 -9 9 9 -10 20 9 14 1 -20 -12 8 -16 13 -9 20 -20 
12 -2 17 -17 14 -11 5 16 -7 15 12 -5 -11 10 -15 3 1 -20 19 4 -1 10 -13 -12 12 5 -7 -8 -14 2 
7 -13 20 19 -10 -8 13 0 1 -6 7 -6 10 -12 -7 -18 3 -13 -16 -6 9 -1 -11 -6 -16 14 -20 -11 4 17 
-10 -2 20 13 4 3 11 -3 -6 13 -17 -13 -10 -9 3 11 0 3 15 15 -2 -10 -12 0 -10 10 -12 -20 6 7 
18 -5 6 -20 -16 19 -10 9 -16 -15 17 1 4 -15 -9 7 11 11 19 20 -4 7 17 -4 13 -13 -11 7 -4 5 
4 -7 13 -12 7 14 -1 18 -9 20 -14 -19 10 -14 -7 -9 4 7 -16 -16 0 9 -15 -7 0 4 -4 4 16 6 
-9 7 -4 1 -18 -17 -18 12 12 -11 2 4 -12 -18 -5 11 7 -13 -1 2 -1 11 -12 0 -11 13 -16 10 -18 7 
-7 -10 -4 11 9 -6 -9 -8 -3 17 11 14 -19 7 3 -5 1 -9 1 -18 18 17 -17 -14 1 -20 19 -8 -4 10 

delta=0.5
swaps=25
H(B)=0.561596
b1_norm=66
time_ms=157.054


delta=0.75
swaps=109
H(B)=0.583158
b1_norm=56.6569
time_ms=453.565


delta=0.9
swaps=225
H(B)=0.595319
b1_norm=56.6569
time_ms=587.397


delta=0.95
swaps=349
H(B)=0.591146
b1_norm=56.6569
time_ms=791.365


delta=0.99
swaps=398
H(B)=0.588693
b1_norm=54.3967
time_ms=870.741


====================================
Matrix 3

-2 19 -5 -5 9 -17 11 -9 -14 8 3 -2 -7 -16 -3 -3 -16 11 -3 6 13 -17 14 11 -11 12 -20 -13 16 -18 
-8 9 16 18 12 19 -1 -14 -15 -16 -20 11 13 -5 -20 -11 -8 -11 -10 -19 -20 -14 -9 -1 16 0 -15 -12 -20 1 
-8 12 -8 -15 18 8 -10 -19 17 -15 14 20 -5 -5 9 19 9 14 18 -20 -17 10 6 -12 -4 5 13 7 0 -1 
20 0 0 11 2 16 17 5 -4 -11 9 -6 -18 6 -20 0 -8 0 3 7 -17 -12 -7 15 -3 -3 -3 18 9 15 
10 12 -13 0 -19 -10 -13 -4 0 -10 -13 -5 20 -8 19 -16 0 3 -18 11 17 17 -20 -6 5 16 15 8 4 18 
-18 0 2 3 -10 -15 0 11 -18 13 -8 -1 12 19 10 15 5 -2 6 11 13 -20 6 5 -16 10 11 14 2 -3 
2 -5 -6 15 2 -7 8 -1 18 -14 18 2 -18 12 7 11 14 -1 2 6 5 11 5 0 2 15 17 -16 -11 -17 
8 -16 -3 2 -4 -15 -16 -20 -17 -7 -2 19 -11 -14 8 -4 -16 3 20 10 -12 18 -4 -18 15 -11 -1 -14 -16 20 
8 -2 7 -10 7 -9 9 -18 -8 -5 -1 -11 13 -10 12 16 -12 8 -7 -9 15 -16 19 -15 11 -8 -14 15 -2 -13 
-14 2 -3 -20 -19 -2 -15 1 18 5 18 7 -6 -19 14 -7 -20 8 15 7 -5 -3 -14 0 2 -13 -2 2 17 -17 
-19 -9 7 12 15 13 6 14 0 8 -20 0 -20 -8 13 -2 -12 13 -3 -17 5 7 -20 -6 -5 -9 -20 -7 -14 11 
-18 10 18 -10 -11 19 -12 14 -20 -11 11 4 11 -12 -4 -9 -4 18 19 -12 5 4 10 3 -5 -8 -15 -14 17 18 
20 -1 2 -15 -7 4 2 18 -5 8 -16 8 -3 14 14 20 -7 8 4 10 -9 6 -2 15 12 -7 5 8 -1 -13 
15 0 -20 -2 8 -10 2 2 0 -9 9 2 5 6 -12 10 -1 8 20 -8 5 -4 -13 -11 -14 -16 -19 18 -17 -10 
14 14 20 -10 5 -6 14 -8 -4 16 -13 4 -5 19 13 11 -4 16 19 -10 11 13 6 12 4 -15 18 -11 20 16 
20 3 -2 14 -16 -4 -15 9 -18 7 -17 -9 5 4 -6 5 -6 -13 -2 7 8 18 -5 3 16 7 16 -9 -7 -4 
5 -12 12 11 -4 1 -8 -4 -20 6 11 20 20 12 -16 -14 -11 4 19 -15 16 -13 -16 12 -10 -8 1 -8 -9 -2 
-16 9 14 -12 -1 -5 -10 12 1 7 -7 -8 -3 16 -19 8 -14 -18 -3 10 -18 -14 2 -6 -7 14 -11 -16 -17 10 
-14 -19 11 -16 -9 -9 9 0 -5 5 14 12 -20 18 8 -2 12 6 19 11 -14 7 -15 20 -1 11 -2 -19 -5 -17 
-18 15 11 -4 10 -4 16 -8 3 11 5 -4 -11 -2 1 17 14 15 -15 -4 -19 17 -1 13 15 7 -2 -16 7 -12 
-9 2 -15 4 17 -2 -13 -6 -9 -19 0 -14 -14 8 2 7 20 20 20 -15 -15 -16 1 9 -3 -13 19 0 6 -6 
12 7 -1 5 8 14 -7 4 -7 -10 15 -1 5 3 -12 16 -19 -3 6 18 17 19 -6 -3 4 -15 1 11 14 -13 
-18 -3 3 13 11 17 6 -4 8 12 -2 -12 0 -12 -1 -16 -8 6 -20 15 -7 16 -20 12 13 7 -18 -4 3 -3 
-2 -2 -11 -2 18 -12 -17 -3 9 -16 7 16 5 13 -13 11 16 3 5 2 -16 -13 -17 17 -6 10 20 -13 -4 7 
4 -12 -8 -6 -3 14 -16 5 15 19 -13 20 -8 15 -7 19 0 11 -13 1 8 -15 -14 -13 8 -15 -12 -1 11 7 
-17 -13 2 7 -13 -11 17 15 -3 15 8 -11 -13 7 -16 13 -12 2 7 9 -3 7 -17 13 2 18 -12 4 -11 -20 
-1 1 2 -18 -18 7 6 -11 -1 14 11 10 11 -5 -18 9 14 2 17 5 -9 -9 -13 -19 -7 -4 8 -4 -1 10 
-13 -15 8 7 -6 11 -13 -3 -4 -1 20 -20 -12 4 -4 -6 -6 -3 -11 17 -6 -11 20 -14 15 -5 7 -3 -1 -16 
-1 3 4 12 -11 2 11 -10 16 -9 -1 -17 16 8 15 -1 -14 9 -17 -15 4 16 0 13 13 10 -11 -17 -20 18 
-17 -19 10 7 -11 1 -7 4 5 9 17 11 -7 16 8 12 1 2 4 -1 -6 17 -10 8 -17 20 -4 3 0 -11 

delta=0.5
swaps=19
H(B)=0.562409
b1_norm=64.7611
time_ms=158.579


delta=0.75
swaps=87
H(B)=0.56051
b1_norm=64.7611
time_ms=301.937


delta=0.9
swaps=251
H(B)=0.578412
b1_norm=59.9583
time_ms=566.65


delta=0.95
swaps=366
H(B)=0.595472
b1_norm=57.0964
time_ms=852.61


delta=0.99
swaps=446
H(B)=0.591017
b1_norm=55.9911
time_ms=982.415


====================================
Matrix 4

10 3 -14 12 -10 3 9 -6 -20 -6 12 -1 -16 11 -11 -10 18 19 -2 -7 0 2 -9 5 4 18 12 6 9 17 
-9 -12 9 -4 13 -13 -16 2 -2 14 -10 -6 0 17 19 12 6 -9 6 14 19 -14 -14 13 -7 -20 -20 14 -17 -11 
-10 -9 -17 19 6 20 -11 -20 -15 -11 16 -5 7 3 17 -6 -13 10 10 -5 14 20 8 -20 -4 12 -6 14 -3 -19 
-8 -6 -14 13 -3 11 -9 15 -10 12 16 16 -3 12 0 6 16 -20 -11 -7 6 -8 -2 -13 -10 18 -19 -11 14 7 
7 14 -18 -8 -13 18 5 8 -7 17 -4 4 14 20 -3 -11 11 -7 7 -10 -1 18 -10 8 2 1 -11 -10 -5 -7 
-10 11 -17 -20 19 -17 16 -11 -3 -9 -7 -20 -20 -3 -12 16 0 -17 -16 -19 -19 9 -19 -2 8 -2 11 -2 -8 -19 
-13 10 -13 -17 5 -12 7 -4 17 7 13 15 -7 -6 2 -17 -6 -15 -12 -2 -14 11 -7 11 -1 -10 0 -9 -2 20 
-4 -12 8 9 6 -11 1 14 5 -17 -8 1 0 -19 3 5 15 -6 4 -12 -2 0 -3 9 6 3 -13 18 -20 -12 
-11 -19 -1 -12 -8 19 16 5 0 -7 -16 14 -10 -10 -16 -19 -1 -6 -15 -19 -14 -20 11 0 -17 -14 -18 8 -20 11 
7 4 -2 20 19 10 7 -4 12 9 14 -13 -9 -18 13 -9 -20 11 -15 10 15 -7 13 -17 -17 -13 7 -3 13 -1 
9 -6 9 18 3 -9 -8 0 -12 1 4 0 8 -5 -3 -20 14 10 15 20 12 -14 -2 -20 -11 -17 -14 0 6 9 
13 -14 -9 -11 10 -3 12 0 7 -6 4 10 -15 -9 -5 -3 16 9 8 -13 -2 -5 -6 -4 19 -12 -17 -17 3 0 
-3 8 15 -17 9 11 5 20 -17 -19 15 -15 -5 4 13 8 -12 7 -19 -14 -3 -13 12 17 -18 18 -15 1 -1 -19 
-6 4 14 -6 -16 6 19 14 16 16 -2 6 -7 -19 17 1 -18 19 12 3 -14 -17 4 -5 -3 6 -17 14 3 -16 
-7 19 -12 8 -9 -16 14 -12 -17 -19 12 1 4 -20 5 5 13 7 8 -19 -5 4 0 -14 17 -13 7 -3 9 10 
-14 13 12 9 5 -11 1 13 -13 1 -11 3 14 -8 -16 -17 15 17 -12 -7 7 13 1 -2 -3 -11 -10 -17 -9 5 
-20 1 -19 13 5 -14 2 5 -1 20 18 -11 -3 3 -11 -6 12 -11 -6 -19 -3 18 -5 -16 -1 -19 15 -6 -8 -15 
13 12 -20 -9 -7 -19 -11 -6 -11 7 14 -19 -18 -12 9 18 -5 12 -5 9 -2 3 7 6 -8 17 -3 -18 -15 20 
-6 -3 16 -20 1 -12 -7 19 5 -11 -5 -13 11 1 14 16 -13 14 -17 3 10 -1 -4 -4 -4 3 5 -3 -7 -2 
8 11 15 7 9 -11 2 7 3 2 17 -17 -20 -15 17 -19 -6 -4 19 11 -3 9 1 -18 -8 -2 -14 -3 1 18 
7 -19 -17 -4 -17 2 -7 -12 -8 9 -8 -6 14 -15 4 -17 -12 7 -8 -7 4 2 -1 -16 17 -16 -13 -2 -8 -11 
14 -3 -14 6 -7 -11 -9 -14 20 -6 -20 3 20 3 -2 -1 -20 7 -4 -2 -3 12 3 8 7 -3 20 -8 4 8 
-7 5 1 2 -9 0 17 -4 18 6 -18 11 4 5 -16 -4 -14 12 14 -19 5 17 14 11 -1 -19 8 10 5 -12 
-5 1 13 18 -14 -8 17 -15 -3 -15 2 -2 15 -14 20 -12 -20 9 -11 16 2 -3 -10 -14 16 -12 11 13 4 -16 
7 -15 -1 -5 0 9 -20 6 9 -1 19 5 20 -10 11 -18 13 -17 -18 -15 16 16 19 -2 -16 20 13 -13 7 15 
0 9 10 10 -2 -9 -5 -17 6 16 -13 4 9 12 6 4 -20 -15 16 0 14 15 -7 16 -14 14 13 -9 -5 16 
-15 13 5 7 -14 20 -13 7 -10 -18 -15 -5 -3 17 20 12 14 -13 -17 -1 -19 1 19 -3 0 -12 -13 -9 -4 15 
14 -14 13 -9 -20 -17 3 -14 -8 14 -9 17 -4 -11 9 -20 15 -2 18 7 -6 16 -11 -13 -10 14 -4 -14 -2 -19 
19 3 -6 12 -15 4 7 -17 -18 -9 0 -3 17 -13 -14 8 -15 -1 -20 -18 2 -12 -18 8 10 1 -13 18 -20 -7 
-18 -11 7 -14 -1 -6 -7 0 16 -8 -3 -12 -8 1 3 -5 -3 9 1 16 5 -8 17 -12 -18 -19 12 -12 6 -14 

delta=0.5
swaps=4
H(B)=0.588234
b1_norm=59.9333
time_ms=84.9307


delta=0.75
swaps=81
H(B)=0.591959
b1_norm=59.9333
time_ms=252.338


delta=0.9
swaps=204
H(B)=0.588639
b1_norm=55.0454
time_ms=520.259


delta=0.95
swaps=235
H(B)=0.579267
b1_norm=55.0454
time_ms=504.782


delta=0.99
swaps=297
H(B)=0.588133
b1_norm=55.0454
time_ms=707.187


====================================
Matrix 5

0 16 10 9 1 -1 -19 2 -16 -6 -12 0 6 7 -6 -19 11 -16 -15 -12 17 2 -13 -13 -6 17 11 -7 10 9 
-19 0 17 -7 19 -5 3 -6 13 19 -17 -7 -17 17 -5 -8 17 -16 -20 4 17 1 -9 12 9 -12 -11 -14 17 17 
18 -5 -5 -15 16 14 -13 -12 3 -17 -20 -20 -10 0 -20 -3 17 13 7 19 4 5 -8 -9 -12 -15 -15 -7 16 -20 
15 1 -11 13 -3 -5 0 -4 12 15 7 4 -10 -14 3 18 15 -7 0 1 -13 -10 -16 6 3 -17 -4 -20 10 -6 
-1 -12 -19 8 10 -20 -4 3 -2 5 13 -20 5 -18 -14 -16 17 9 12 -15 -5 0 9 -1 0 -4 6 -11 6 -4 
-16 -15 -12 15 -20 9 14 19 17 -19 18 -6 18 -20 6 12 7 -12 -16 18 0 -7 5 9 -13 0 0 -20 -2 -18 
3 1 20 9 -5 -15 -10 -15 -4 -9 3 14 -7 -20 -2 16 7 8 -15 -14 14 4 -11 2 17 6 -5 19 3 11 
17 19 8 -10 -9 5 11 11 5 -7 4 -11 8 8 -12 -10 -5 -8 -11 6 -17 -5 -9 15 -19 11 -6 12 9 -8 
-1 18 -2 8 4 8 -19 -13 -3 5 20 0 6 -19 2 16 -14 19 17 12 -13 6 18 -3 -17 -10 6 -20 -9 -14 
-15 -4 -17 -1 5 8 5 -2 17 18 12 16 -2 -15 8 -14 13 -18 0 18 -16 14 -4 -13 15 -15 10 16 9 9 
-6 -13 -7 -9 -19 11 20 15 -13 -6 19 -10 -1 16 14 16 3 2 14 -3 -12 -6 -6 -16 -14 -6 19 -19 20 -17 
-16 -9 6 -13 15 9 -19 -1 14 -15 -15 9 1 -5 13 -18 -9 -18 -7 -8 14 -10 0 -1 -8 -2 -3 19 5 0 
-20 17 16 -6 -9 -17 -8 -1 20 4 5 -10 -7 -3 3 14 15 0 3 19 -19 15 -11 0 -6 13 16 -3 1 6 
-18 -19 -17 19 -14 5 -3 -2 -14 -11 -15 6 11 3 17 9 -15 15 -1 0 -5 -19 -9 12 10 4 -20 14 -5 -16 
3 -7 0 11 -19 -5 19 -4 -11 -17 -14 -6 -3 10 6 -19 4 -10 4 12 12 -10 -13 0 10 2 -5 13 1 -5 
-8 -9 1 -17 17 -8 -8 0 -3 20 12 5 7 -20 -18 9 -2 -13 4 8 5 -14 -6 -14 -17 -9 12 -11 16 9 
13 -19 11 10 0 18 -18 -6 3 7 7 -5 -15 16 -5 2 -3 -6 9 -16 15 -20 -9 -1 7 -20 -19 5 -15 -1 
14 10 -3 -13 -14 -15 -2 -2 -11 -15 -7 15 19 -11 14 7 6 -12 19 7 -2 13 -2 -17 -7 -19 -11 9 -11 -1 
-11 18 -14 -11 5 -16 10 -17 16 6 16 9 6 15 -18 16 -7 6 14 -4 -5 -20 -2 -4 -9 6 -7 -9 -17 19 
-19 0 13 -9 -2 -4 -17 -15 -5 13 -2 12 -4 -19 7 -18 3 10 -13 7 16 -19 -13 -5 -17 12 1 16 11 20 
-16 12 -12 11 11 -3 5 -12 -8 -1 -8 20 2 6 19 13 -8 11 -10 10 -11 -1 -8 0 -14 -14 6 -9 -11 4 
9 0 1 -5 12 -20 13 3 18 15 -2 -20 -14 14 -14 11 12 -3 -19 -18 4 -9 20 -16 -19 -12 -2 -12 8 4 
5 -10 -20 -5 -13 -9 -2 19 -19 4 17 1 17 17 20 8 16 5 -8 18 -17 -10 -15 6 18 -5 17 14 3 -6 
19 -20 3 9 -9 15 -6 -2 3 18 -2 15 -11 8 -1 3 10 -10 -4 -8 7 13 20 20 9 -12 -5 17 -11 -3 
-4 -13 -19 8 13 -20 15 11 -10 20 15 -20 14 15 -9 14 -17 -5 19 -14 -7 -8 -2 1 -16 -10 -6 -7 -20 11 
-20 19 -3 -12 11 14 20 -8 13 14 -2 -13 -20 -1 10 -7 14 16 17 11 6 12 -11 11 1 6 9 -15 3 3 
4 -2 -9 6 7 7 19 5 18 0 5 -13 1 -14 0 -4 -6 -13 8 -11 11 12 9 -13 -2 2 17 -20 -17 -20 
8 -20 -20 -9 -14 -12 4 -15 4 -1 13 18 16 15 15 5 19 -20 -17 3 -3 9 -5 -20 -15 9 -11 14 19 2 
-1 -15 18 -20 0 -12 -4 19 -14 -19 11 -18 20 1 -15 -16 -19 10 -10 20 -15 2 15 -6 -6 -3 12 9 5 -10 
17 -6 -20 -2 3 -7 -11 -7 -13 -7 -13 14 13 4 -6 -9 12 -4 13 -13 16 -11 20 -15 17 -3 0 -16 20 -10 

delta=0.5
swaps=23
H(B)=0.528122
b1_norm=61.441
time_ms=210.861


delta=0.75
swaps=107
H(B)=0.535622
b1_norm=61.441
time_ms=476.009


delta=0.9
swaps=264
H(B)=0.559188
b1_norm=57.576
time_ms=641.61


delta=0.95
swaps=378
H(B)=0.564581
b1_norm=55.7046
time_ms=895.782


delta=0.99
swaps=584
H(B)=0.586002
b1_norm=55.7046
time_ms=1284.3


====================================
Matrix 6

-17 14 -12 -17 19 -5 10 19 -8 13 5 -10 -19 20 -11 16 2 12 18 -18 -20 15 6 17 19 -1 10 14 19 -8 
2 1 -1 20 11 11 -1 -7 -15 17 8 -10 10 16 -16 -1 2 -4 16 -5 14 12 7 -17 -14 6 16 1 -16 4 
-19 5 15 -1 -11 17 7 -7 12 -8 7 -6 -7 5 -3 -1 -15 -8 18 1 2 13 16 12 6 17 11 12 16 -18 
-16 9 0 17 -12 -18 7 6 15 15 15 7 13 -15 18 -8 -5 10 -9 13 -2 -1 -3 -16 -20 -13 -8 18 12 -10 
6 8 2 -19 -18 -13 17 -1 6 12 4 11 -11 19 11 -12 14 13 12 -10 -16 16 -16 -8 10 8 -9 1 13 -9 
20 -15 -14 -20 4 12 10 1 7 13 -12 -17 9 -18 -3 1 14 -18 -6 10 9 20 -17 6 8 6 6 -11 12 -10 
2 8 -1 -4 -7 -11 -2 -14 20 -13 -17 16 19 -10 18 17 14 -8 18 -13 -18 -16 -6 -15 -4 9 -3 -7 19 -9 
-3 7 -8 1 -8 -15 -4 20 2 9 -19 -3 -19 3 12 -6 -13 -9 10 -3 8 -12 -17 19 -7 18 -20 -10 3 18 
-20 0 18 2 5 -4 0 -13 -2 -1 1 -16 -10 5 15 16 7 -17 3 11 -17 -2 11 -13 4 -15 -7 -1 -17 14 
0 3 13 4 -7 1 -14 -14 -16 4 -6 1 12 -18 -2 1 10 18 15 -20 15 -13 -9 -17 5 -13 -11 4 -1 3 
-14 -8 3 -17 16 4 11 -2 8 1 15 -1 -20 0 -18 2 12 -12 4 2 -14 -19 -14 -1 12 12 -12 -17 10 -9 
-17 11 -7 -8 1 2 -2 -10 -4 -11 -2 19 -10 13 -12 3 20 -7 17 11 -10 10 8 -17 -3 18 5 -15 9 19 
-20 18 -1 6 -4 4 -15 -11 -18 -4 -12 -1 -5 -12 4 8 -15 1 -12 -13 17 -20 -9 18 -6 12 15 14 -6 -18 
1 -16 -1 -20 15 -8 4 9 -1 10 17 12 -2 -12 15 1 15 15 16 -14 15 5 7 -11 15 5 11 15 -3 9 
-16 -5 -12 -17 -15 -15 -4 14 -20 4 -3 19 11 20 -9 5 -17 11 18 7 13 -9 -1 8 -12 -11 16 -8 -16 0 
-11 11 -5 -11 -3 19 -18 5 5 14 11 -2 -8 8 -19 12 3 14 -5 4 -7 15 -18 -4 5 13 5 -18 3 16 
7 -14 16 4 -7 8 14 -3 -7 15 4 -18 -16 16 -9 -10 -4 -6 19 3 -16 1 9 -17 12 2 -15 5 -3 8 
-16 19 -16 4 -16 -19 -2 -7 -16 -19 -1 12 -1 -19 -4 -1 5 -11 -11 -9 7 -9 11 -11 -4 6 4 14 17 13 
-7 8 16 2 1 13 11 10 16 20 5 3 -11 10 13 15 13 -18 18 -2 7 18 4 20 -4 3 10 -17 10 19 
-12 -9 -20 14 -6 9 -19 0 -18 -1 19 -12 19 -5 0 1 14 7 -15 20 -11 -13 7 17 -20 8 -5 -10 -13 -1 
-1 -19 -18 -11 6 10 -8 8 -7 -10 -3 4 18 -15 -17 10 -15 9 -9 -6 10 3 -16 -16 -14 -11 5 -20 -5 18 
20 17 -17 -17 4 7 -20 -12 -7 -17 2 -2 -12 0 -6 11 10 16 14 -1 13 -13 2 -19 3 -4 -15 12 2 4 
-5 -17 -20 5 5 11 -16 18 9 -2 -11 15 -11 -11 20 2 0 11 16 -11 13 -14 -13 1 -20 11 17 -15 -5 7 
-20 8 -6 -17 -3 10 -9 15 0 -4 -6 -11 15 0 12 -15 -15 19 10 -9 -18 19 -14 4 5 -8 -4 14 11 -14 
10 9 1 0 -2 2 4 17 -5 -4 12 1 -18 -4 19 1 -2 15 -18 7 0 -3 -1 -18 17 11 -16 -19 -16 6 
-13 -8 -20 -17 -5 -5 -3 -17 0 16 8 19 19 -11 11 -5 -19 4 11 -3 12 18 19 -15 14 -9 -16 -5 10 -3 
-3 -2 5 18 -3 -12 -17 13 -11 8 -19 1 -17 17 -3 -20 10 6 10 20 11 -19 2 19 0 17 18 -11 19 -1 
8 9 2 -20 16 7 3 -5 16 12 20 -16 -7 2 4 -4 15 -19 -10 11 6 14 -20 19 17 -15 -10 5 -8 11 
19 -6 8 -19 11 -3 19 -3 3 -15 17 -12 16 6 16 9 19 -4 0 0 -14 -1 -5 18 -4 13 15 14 -14 5 
-7 7 1 -2 -4 17 -15 18 -17 10 9 -4 -10 7 -2 18 11 1 18 -13 1 -8 -14 -12 5 14 18 20 12 20 

delta=0.5
swaps=19
H(B)=0.57352
b1_norm=78.0385
time_ms=140.776


delta=0.75
swaps=59
H(B)=0.573977
b1_norm=61.0655
time_ms=241.933


delta=0.9
swaps=219
H(B)=0.581259
b1_norm=61.0655
time_ms=520.001


delta=0.95
swaps=277
H(B)=0.580969
b1_norm=61.0655
time_ms=649.571


delta=0.99
swaps=293
H(B)=0.581952
b1_norm=59.7662
time_ms=659.392


====================================
Matrix 7

-9 -10 9 -16 5 -18 -6 -5 17 9 3 6 -1 -5 4 6 -20 -15 16 -16 -19 5 -17 -14 -10 -15 -10 -3 -8 9 
-16 8 -18 6 -18 -1 -14 9 -14 13 -6 8 19 17 -19 0 -17 20 20 -12 18 0 7 10 7 -2 -7 -2 14 -13 
2 8 -2 -4 14 -4 3 13 0 -14 6 -2 -2 -17 10 20 20 -15 1 2 -16 -17 1 17 -3 10 -8 -17 -17 -14 
4 -7 18 -2 16 -19 -16 -12 -11 13 -11 -16 6 -15 12 4 -16 -20 3 15 -19 12 16 -14 13 -3 15 -16 -18 3 
19 20 -3 1 -16 5 -14 3 -18 14 -15 -2 17 -6 -1 1 7 8 7 17 -7 14 -3 8 17 18 17 -8 18 -15 
19 -18 -12 17 4 18 -3 20 -20 -16 -5 -9 -19 5 -20 13 -12 16 2 11 -9 11 -6 -2 11 -1 13 11 -11 -11 
-1 7 -4 -10 -13 1 7 5 -17 1 -10 9 -10 -13 6 -10 0 -13 -6 -19 -15 9 -10 12 -7 -5 12 18 -15 16 
-19 12 10 -4 -9 -14 -12 -20 9 14 -3 1 -20 -2 13 -15 17 20 -9 7 9 10 -19 -13 20 -12 11 11 8 -18 
-9 8 1 18 9 -19 -15 -19 9 4 -6 -10 -16 -3 -3 -13 20 14 12 17 -2 4 15 13 2 -13 -14 2 -12 19 
-17 18 -17 2 -3 -8 3 19 -17 -3 -5 -1 -18 -10 -5 11 -6 -12 3 9 7 14 11 -20 9 -11 -8 -20 12 1 
-13 -16 -2 -4 18 5 -20 14 19 4 18 16 0 -13 4 4 14 15 -5 -16 12 -15 10 7 8 -15 -12 14 -18 9 
2 -18 -16 17 -7 2 -18 4 -5 17 10 11 -16 7 -6 -9 10 0 9 -13 -19 -9 4 9 -15 2 12 16 5 3 
-16 9 16 -11 13 -9 -19 8 16 -1 -11 18 1 -4 0 -10 4 10 -11 -13 -7 12 15 -6 -1 -1 3 18 20 -1 
17 0 15 -7 -6 -18 12 1 -7 -18 11 9 -6 -17 -2 -4 4 -1 10 -16 -19 8 18 -1 6 14 -9 1 17 13 
3 -4 17 13 -11 3 6 -1 -15 -15 1 -16 -15 -9 15 6 -17 -1 -3 -10 -7 6 8 17 -2 18 -19 3 7 7 
-1 6 18 0 -9 -5 5 -13 -12 12 -12 13 -12 15 20 -18 -2 -3 -19 14 3 4 -20 -16 -18 -15 16 -16 0 -15 
19 18 -19 -12 -20 -17 6 -6 8 16 20 20 20 12 -17 10 4 8 -16 -17 -9 -14 -4 -1 -7 7 -13 -13 -2 6 
10 -9 -15 -16 2 -14 -5 5 -19 -20 12 19 -15 -12 -17 -20 1 18 0 -13 -16 -4 6 -11 13 18 13 4 -6 12 
-18 -12 11 5 -9 9 -18 8 -5 4 19 6 -1 -4 -13 -19 2 -12 -7 -14 12 -15 6 12 11 -10 17 9 -12 -19 
15 -18 13 -1 9 -4 15 -5 15 11 -11 2 -11 10 1 13 -3 18 3 1 -18 -6 -19 13 2 -12 -14 0 1 -4 
-18 -5 14 0 -3 -11 -2 -14 -7 3 -16 -16 6 10 -2 15 -16 -20 2 -18 -13 16 -3 -9 18 3 17 -5 -14 -1 
-7 3 -3 -7 -15 -17 3 11 -9 -8 -11 3 -2 19 -7 -9 -5 13 5 4 -12 19 -9 -5 -16 5 -2 3 -19 1 
4 10 6 -17 12 -12 -20 20 -19 11 -5 -1 19 11 -8 -5 16 -12 3 -7 -11 -4 14 -8 20 -1 14 -6 9 -8 
10 -11 -7 7 -18 2 -17 5 11 4 -10 11 -5 11 -14 7 7 16 4 -13 -5 4 8 -7 12 6 -19 -5 -16 -9 
-17 13 -6 -12 1 19 -16 9 -3 -4 -6 -10 13 5 3 5 14 6 -2 5 -6 -8 6 9 8 -15 -2 -15 -14 20 
20 1 15 -5 -13 -19 0 10 -8 13 6 -6 1 -20 -1 7 0 -2 -13 7 4 -12 -3 11 -10 -11 -4 17 -16 -8 
-7 -10 -11 15 14 16 -6 -17 -9 2 -16 -10 17 -18 -7 12 17 8 -2 -8 -12 14 -3 -1 -11 -16 9 -4 1 2 
-12 6 19 14 14 -8 15 -1 19 -13 10 -14 -9 8 -12 7 -11 -19 -20 -4 -13 17 17 2 -12 -4 4 18 -16 -8 
10 -11 -15 -6 -20 5 -4 9 -15 -13 5 -10 17 19 -15 6 -14 -10 -18 -5 -7 8 -7 -18 20 -9 15 0 1 8 
7 4 14 18 -8 -20 8 5 17 0 4 -20 18 -18 -15 17 -10 -12 -11 9 8 20 7 15 3 -9 15 2 -12 3 

delta=0.5
swaps=34
H(B)=0.489735
b1_norm=63.3088
time_ms=262.671


delta=0.75
swaps=184
H(B)=0.494459
b1_norm=63.3088
time_ms=854.228


delta=0.9
swaps=348
H(B)=0.503198
b1_norm=63.3088
time_ms=1184.25


delta=0.95
swaps=587
H(B)=0.55555
b1_norm=48.3735
time_ms=1781.83


delta=0.99
swaps=933
H(B)=0.571894
b1_norm=54.4702
time_ms=2194.39


====================================
Matrix 8

5 19 2 2 -18 11 -4 -18 -3 -7 1 -20 12 -11 -19 12 3 0 0 17 -12 -17 7 20 16 7 9 -13 -13 -18 
-11 -14 -10 -18 11 -20 -19 -8 12 -12 9 -15 0 -15 -9 6 -12 10 -14 8 -10 -14 8 -1 -7 -10 -19 9 -8 18 
11 -2 -15 -14 -14 12 10 9 14 0 13 -7 -1 -7 -4 -11 -8 -20 7 19 -17 4 -14 7 17 -20 -7 9 -14 -12 
6 -15 10 -5 3 1 -15 -12 -16 -8 -20 12 -4 6 -2 5 13 2 15 -3 1 4 -4 11 17 -4 4 -15 16 -7 
11 8 14 1 8 1 -17 19 1 12 7 12 16 1 19 6 6 -15 -3 12 -13 -18 -6 -15 -15 -9 19 14 -19 6 
-1 -14 16 1 5 -5 18 -15 -9 18 -3 15 8 -3 -5 -19 2 -13 2 -8 6 -2 -8 10 -2 5 -16 -20 18 16 
12 -4 19 -4 -19 -16 -12 18 -18 2 -17 -2 3 -17 -11 14 -11 -9 -13 0 20 -18 -14 2 -3 10 17 -2 -4 -11 
17 -10 -3 2 -5 -18 -18 3 -2 7 7 14 10 14 4 -14 -2 -4 -9 12 -9 -18 13 10 -17 15 -11 -9 -1 -13 
16 1 -13 10 17 -14 -10 -6 -18 6 -1 -14 -16 7 -8 -4 -3 20 -16 6 -11 6 5 4 15 -12 -12 -3 18 -2 
13 -17 20 -6 8 -10 -6 -17 -7 -17 -17 17 14 -2 20 -6 -19 -8 -9 8 -11 18 -20 17 -11 -17 -5 4 -14 4 
-19 20 -9 -11 -18 9 17 20 18 -16 4 18 -8 7 4 18 3 -8 2 -8 -17 -8 1 18 14 -2 5 -18 -11 -5 
0 -17 -10 -4 19 -4 18 -10 -19 11 0 -19 -5 15 14 -17 -7 6 -16 -8 0 9 18 3 4 -14 8 2 16 6 
-18 -12 3 13 12 16 10 -7 -5 -20 14 15 -5 -13 -14 -3 -8 -18 5 20 14 14 -4 -19 16 -14 14 -6 13 -7 
5 -8 20 -3 -19 7 -6 -1 4 -1 16 -13 -18 -15 -10 2 1 5 -2 10 4 -7 -18 -2 -14 1 -1 2 -10 11 
-9 2 18 3 -12 2 -20 18 14 16 -12 -13 -1 -2 -9 -4 -17 19 3 0 -19 -10 20 11 -3 -3 -19 -9 -20 -1 
18 -18 -3 8 -18 -16 -16 8 -4 4 16 11 -4 13 17 5 -8 11 -14 -18 -20 11 -7 15 -9 20 -15 9 -12 11 
-19 11 -14 19 6 -5 -8 9 2 -9 2 7 19 -11 19 -14 14 -4 -3 -12 -16 12 -17 -20 14 10 -19 -16 -9 8 
10 8 -11 5 13 17 -17 -14 -12 -4 14 -2 16 7 18 5 8 -12 -9 -10 -8 7 14 -8 -4 -7 6 -17 17 -20 
-17 -6 -13 8 15 15 -15 -16 15 -7 7 -4 -8 10 15 -4 12 17 -9 0 -18 -17 19 9 5 -7 -19 7 -10 -11 
19 9 -8 1 2 17 -10 5 2 0 -1 -7 8 20 -1 -20 -18 3 12 12 -7 -4 11 14 4 15 3 14 2 -4 
-15 -20 14 -1 -2 10 -18 -15 17 -5 1 17 17 -3 -8 -16 -20 4 11 -6 18 -12 -14 -1 17 -5 6 -14 7 2 
13 17 14 -7 3 -11 2 -10 4 7 0 8 -4 -10 -14 -8 3 20 10 -5 12 -5 -16 -15 17 12 19 10 -14 -18 
9 5 5 2 -7 15 16 -15 12 3 -15 -20 -20 -10 -15 14 -12 -1 -10 2 -9 20 1 14 -4 17 -14 16 14 10 
-17 -15 9 -2 -3 -1 16 16 12 -13 -10 -10 -2 7 -20 -11 5 18 16 10 19 10 15 12 -12 -6 20 -15 -9 10 
-4 -14 -2 10 -5 -3 3 -13 -10 15 5 2 8 20 18 -7 -7 1 20 13 14 19 -14 -10 1 -8 14 10 -13 11 
9 8 -19 -5 -4 6 -17 8 14 -11 -19 5 0 12 -5 -14 -17 -15 -20 3 -15 5 0 -3 18 8 -8 16 10 8 
-20 -6 -2 -9 -18 -7 -6 10 -4 -7 -1 -1 5 12 12 19 2 20 16 -12 -9 -19 -6 11 19 8 15 -16 -5 9 
11 -18 -19 12 1 7 -17 -10 -2 19 -6 9 6 6 9 1 -14 5 -11 15 -6 9 7 -20 -20 12 -19 6 -1 -4 
-4 9 -13 -7 0 -10 18 18 14 -7 -3 18 5 2 9 14 13 10 4 0 -7 13 -10 9 10 5 10 5 -7 19 
13 -7 -2 -14 -19 8 14 -13 -16 -11 7 10 -7 8 3 1 -15 -11 -14 -18 -20 3 1 -14 -17 16 -4 8 -5 -12 

delta=0.5
swaps=19
H(B)=0.516701
b1_norm=68.0882
time_ms=165.406


delta=0.75
swaps=108
H(B)=0.539883
b1_norm=55.8749
time_ms=440.857


delta=0.9
swaps=276
H(B)=0.552356
b1_norm=55.8749
time_ms=933.641


delta=0.95
swaps=437
H(B)=0.552174
b1_norm=55.8749
time_ms=1308.36


delta=0.99
swaps=621
H(B)=0.563543
b1_norm=54.6443
time_ms=1781.01


====================================
Matrix 9

18 7 -3 9 -17 10 17 4 -18 3 -17 20 7 -1 -12 2 1 -8 -1 -3 1 12 12 8 -20 -1 20 11 9 -13 
-2 -17 -9 10 -12 7 17 1 -13 -16 -14 20 -12 9 3 0 -12 -3 -6 -11 -18 -4 8 3 9 -6 -5 -19 -5 19 
8 -15 12 -2 7 -7 20 12 20 7 4 8 -4 17 18 4 -14 7 12 -18 -11 4 -18 20 -8 -20 7 -17 8 19 
9 1 19 -10 -7 -2 -13 3 4 11 11 -4 13 2 12 14 15 0 -10 17 -18 10 -9 -10 -18 10 4 12 12 10 
-14 5 12 -6 -12 20 -19 3 4 18 -16 11 -6 5 20 -20 16 11 19 -10 1 2 -5 -8 -19 17 20 -11 9 -11 
11 -2 -8 -19 -10 7 -2 8 3 -10 11 10 4 13 -9 -16 -11 -7 16 18 -19 6 -20 -7 6 -18 5 -11 -13 3 
-13 -2 -5 -16 11 18 -11 -9 -4 5 -4 11 18 -16 14 -16 -18 -18 16 -16 -2 -6 -18 -15 -3 -1 4 -9 14 -13 
20 14 4 5 4 20 3 2 -1 -1 -10 2 15 16 0 -15 5 0 19 -3 12 13 -20 10 -18 -20 -4 20 11 8 
19 18 -15 14 14 0 20 -6 14 -9 -7 14 -10 19 11 0 17 -7 -5 -19 -4 -5 -1 16 -4 11 12 5 -12 6 
5 -16 10 19 17 -20 0 3 -17 -3 18 15 6 -5 -12 -9 2 13 -12 -19 -17 13 -11 -8 19 -4 18 -10 -4 -8 
-8 -4 14 -17 2 0 -14 12 -6 -20 -14 3 -1 -5 -3 11 -5 -15 -17 -17 3 14 -12 11 19 -11 6 14 0 1 
1 1 19 8 6 -10 4 9 0 14 -6 -11 18 14 -5 -14 5 -3 -1 -15 -9 3 10 -8 15 16 -4 -11 -17 7 
5 20 10 -13 -19 -4 15 -13 -10 3 -20 7 -4 -12 -5 -20 12 -15 -1 -19 -4 -5 -1 16 -7 -12 20 6 1 -17 
1 17 8 2 5 -17 -8 -13 -3 -17 20 11 2 11 20 20 -18 3 17 -7 -5 -17 -20 -6 18 17 2 -2 14 5 
1 -11 11 12 -15 -3 20 17 2 10 -2 0 -5 7 5 4 16 -3 20 -19 19 4 -5 -15 -13 19 -14 -12 7 13 
-2 -13 -14 -3 19 17 -10 -19 -20 -10 18 20 6 -13 -5 8 4 6 12 -6 0 11 -6 5 6 -1 -20 2 0 -19 
19 -19 1 12 -19 -15 -5 -9 5 -17 -17 20 4 6 18 1 -3 -16 18 17 -1 6 20 -4 9 -16 -15 7 -10 10 
13 -16 -14 7 -9 -18 -17 -5 -1 2 6 -9 3 -16 -3 -9 8 -19 16 20 16 8 19 11 -6 10 -14 1 3 -2 
-15 -11 -5 -10 8 0 -14 -2 13 -20 11 2 -16 4 -18 5 -18 20 -17 18 -16 4 0 -12 -14 -19 -11 -18 13 -3 
16 6 9 7 4 11 -10 -9 12 -1 8 -16 -18 1 -13 -19 -7 2 -1 -15 -3 -17 -7 -4 16 -6 18 -3 17 17 
-19 0 -11 20 17 -10 2 -3 -3 13 8 -10 3 10 -13 4 3 8 -18 0 -11 1 13 -5 -8 0 -2 -16 -19 -7 
15 -5 -13 -1 -4 -19 11 -13 -11 -4 20 14 -2 -4 -5 -18 -12 10 7 19 5 -11 -12 -4 14 11 -14 1 0 -4 
-12 -19 -10 -10 2 -13 -18 -11 10 -19 -7 9 1 7 -9 -10 11 -11 -5 18 -13 8 -16 5 -10 -1 -1 7 -1 17 
2 -10 5 13 16 -13 -11 -3 16 -17 0 10 20 -9 -16 20 5 -12 8 -4 -17 -2 -20 3 10 5 -1 12 10 18 
0 16 -5 -19 -15 -7 -20 1 -15 3 -2 12 1 4 -12 -12 15 -4 8 2 -8 8 7 -11 -9 12 3 2 -20 4 
13 -16 0 3 -5 6 17 -6 6 19 -3 -7 18 18 2 10 14 -2 7 -18 5 8 16 6 16 -15 -20 -3 13 -6 
5 -17 -18 -7 2 -9 9 -18 16 -1 11 -6 -1 -18 2 -1 1 0 -7 2 2 -17 12 -20 4 5 -16 1 -1 -17 
0 6 17 4 16 0 9 11 -11 -5 -5 -13 19 18 1 -7 4 18 -11 -4 -2 -17 13 4 -11 -1 20 -17 14 -6 
16 -18 -13 2 -1 -4 15 -17 -9 7 8 11 -4 -18 3 -14 -13 1 -12 11 -6 6 -3 -18 19 4 19 14 7 -9 
-20 1 -5 -15 13 20 17 1 -16 4 15 -4 10 -19 -11 7 -16 -5 -13 1 -3 -11 10 -13 -6 -20 -5 -4 -14 20 

delta=0.5
swaps=59
H(B)=0.540467
b1_norm=63.0635
time_ms=339.417


delta=0.75
swaps=162
H(B)=0.550898
b1_norm=63.0635
time_ms=577.935


delta=0.9
swaps=340
H(B)=0.579299
b1_norm=63.0635
time_ms=1061.94


delta=0.95
swaps=517
H(B)=0.578305
b1_norm=54.5894
time_ms=1271.61


delta=0.99
swaps=557
H(B)=0.578736
b1_norm=60.0666
time_ms=1231.47


====================================
Matrix 10

16 -10 -9 -9 16 -11 -7 6 18 -12 16 -18 19 -18 2 -17 -10 12 7 0 19 19 -9 -10 9 1 -9 -15 -3 -11 
-18 5 0 -5 2 -17 -1 11 12 17 -1 -8 14 -2 12 -2 9 -18 -18 5 -19 -6 0 -19 12 11 0 0 6 -8 
20 -8 14 1 2 -13 5 -14 6 20 -1 6 15 14 20 -11 -7 -4 -2 16 20 -7 -10 -3 -14 -16 -17 -16 -11 -9 
7 18 3 1 2 -4 19 18 17 1 8 3 -19 -19 17 8 8 -16 12 7 -15 0 1 13 -2 6 18 11 -3 6 
12 -1 -12 16 -20 -5 -9 18 19 -11 -1 -19 4 -13 11 -18 -19 -4 8 -16 -10 -4 5 4 14 16 -15 -9 -8 -17 
11 10 4 -2 -15 7 -17 -9 -12 3 15 -8 8 -11 -2 14 20 -1 1 1 15 0 17 -7 11 14 8 -6 18 -16 
8 -10 -5 -10 -16 8 7 9 18 -6 20 -20 10 -20 5 6 -6 11 0 6 12 15 6 20 8 -14 -12 -5 -20 -3 
-5 10 15 9 18 -16 -14 6 13 -12 -1 11 -16 8 -7 15 6 11 -6 -17 -20 19 16 20 -16 10 17 -8 -10 -13 
5 14 3 -7 4 15 5 0 -6 -18 -5 -18 13 -13 10 -14 -16 -12 -10 -19 -5 12 -6 7 1 3 -3 -5 -1 -1 
-18 -11 13 -10 -15 14 -18 1 -17 -15 -7 -7 8 10 0 -2 -1 -2 -16 14 -1 -3 -2 -9 -7 1 -7 -3 -3 11 
16 18 -2 16 12 10 17 -2 -11 19 1 -6 -5 19 8 7 -13 -20 0 -13 2 -5 14 15 2 -8 12 -7 -19 -6 
-11 -14 7 -16 0 15 12 -11 -20 -18 16 13 -12 -6 11 -14 -1 -8 -20 -10 -10 -14 -12 -19 -2 -11 1 -18 -1 7 
18 17 19 -3 -17 -12 -17 -16 -15 -18 -17 -4 10 13 2 20 -11 18 16 16 13 -16 -12 -15 11 8 -1 7 -16 10 
-6 19 15 -10 4 17 -2 -19 16 -12 -11 -3 -17 9 4 2 -12 -12 8 -13 -6 14 -5 20 5 15 -16 10 12 -15 
-14 -8 -12 -18 11 -18 17 -18 13 -19 1 -3 19 4 -3 13 -4 -11 10 -5 1 -1 9 -3 0 -17 13 -2 -11 17 
-4 -1 -9 -9 1 3 9 9 10 -1 13 15 -9 -16 2 -12 8 -4 8 5 -18 7 -12 19 15 18 15 -1 8 7 
-14 -12 1 10 -11 -12 17 7 1 -2 14 -17 -1 2 8 -10 7 -20 -9 18 -9 17 19 8 18 13 12 12 -8 5 
18 -5 -3 18 -20 15 10 12 -18 -7 13 9 -5 12 14 -16 20 -9 -4 -7 -18 5 -17 -18 14 4 -13 11 6 -11 
11 11 3 -10 18 -8 -15 -10 -7 -14 -10 19 -13 19 8 6 -19 2 2 -9 1 -17 -17 2 8 -13 13 -1 -15 4 
2 -17 -20 -7 9 -14 0 -1 0 -10 -11 3 20 -3 -20 13 -17 9 -8 16 -18 -20 16 12 16 18 -12 7 6 10 
2 -4 -9 -4 -18 -13 10 13 -18 -7 17 -18 -5 7 -8 10 -18 19 6 -20 -17 -8 -10 16 -9 2 -7 -11 17 -10 
-4 -19 7 -16 -8 10 -19 15 12 11 15 14 -6 5 -9 13 12 8 11 -18 4 14 18 13 -11 11 9 7 -16 -8 
-17 4 -1 -11 -10 1 -19 -7 -8 14 -6 -4 -12 -18 3 -19 12 13 -12 -14 -8 -5 18 -16 -4 16 -14 17 2 -12 
-1 -12 -19 3 -20 -6 -10 9 9 7 8 20 0 13 12 -6 -17 -4 -6 3 0 -7 9 -10 -19 1 1 -6 4 -20 
15 19 -18 -5 15 -14 -9 7 -15 13 -14 -7 -1 -13 -19 7 12 -10 5 -13 -6 11 -17 -3 -10 6 -9 2 -10 -8 
-13 -16 -8 -20 -15 4 16 4 1 14 -5 -18 19 18 17 13 -17 -8 -14 5 -7 5 7 -11 11 -9 -13 -1 2 -8 
-17 2 -15 2 4 -9 12 -10 19 15 -3 4 1 -3 -1 -1 4 -4 -19 18 7 -13 16 -7 -8 -19 -17 -12 15 -15 
-18 -16 5 4 -7 -19 -3 -15 5 -13 17 -13 -18 -12 -17 12 -19 -14 -14 -4 -4 20 -9 -9 -9 5 8 -1 -14 -5 
-14 -1 3 -4 -4 -6 -5 -4 20 -16 -10 -4 4 6 -8 5 20 8 7 17 -1 -5 -7 18 -5 -2 -20 16 10 0 
9 -8 6 -13 6 5 0 8 10 -3 7 16 -16 -18 5 3 10 1 -8 1 11 -15 2 -18 5 11 -18 -9 0 -16 

delta=0.5
swaps=40
H(B)=0.559432
b1_norm=68.7023
time_ms=214.639


delta=0.75
swaps=129
H(B)=0.562028
b1_norm=59.2621
time_ms=505.008


delta=0.9
swaps=249
H(B)=0.602473
b1_norm=55.2178
time_ms=566.786


delta=0.95
swaps=358
H(B)=0.603693
b1_norm=55.2178
time_ms=838.241


delta=0.99
swaps=392
H(B)=0.595628
b1_norm=55.2178
time_ms=849.6


====================================
Matrix 11

-16 -14 -13 7 16 20 -6 11 -8 8 -8 -7 11 5 -3 -16 -9 -10 -11 13 3 -18 17 3 -11 -6 1 -19 -6 20 
-8 14 -5 -14 4 6 -17 17 15 11 3 -8 -11 -19 19 -1 -12 -2 -6 -18 -18 -15 -13 12 20 1 2 12 12 0 
1 18 -12 9 -20 15 8 -8 13 1 5 -2 4 9 0 20 -16 -4 -20 4 13 -12 -19 -4 18 16 11 -13 -9 1 
-18 -2 -2 6 15 -2 13 12 8 -6 20 -17 -13 -12 3 -17 16 19 9 1 4 8 -19 -5 12 -16 -17 -6 20 -12 
-16 7 20 11 13 11 11 20 0 -6 4 19 1 0 15 19 16 -16 -3 -4 15 -3 19 4 8 -9 15 -4 -8 -14 
10 12 3 -17 -1 -12 -13 -8 19 17 -2 11 -11 0 -13 16 19 -6 5 12 7 2 -8 -5 7 17 14 -11 -16 -16 
-11 15 -2 16 -13 -20 -8 -1 7 -7 -5 -1 -8 11 18 15 17 -15 -17 8 -16 -9 -7 -4 4 14 -9 20 9 -7 
13 -14 -5 8 19 19 9 17 17 -2 4 10 -7 -9 -9 -5 6 7 -17 9 -10 -1 -6 -11 -12 19 10 -2 -10 -7 
-5 18 8 -17 -1 -18 -10 6 12 18 -4 -3 17 6 -4 18 -10 8 1 20 -4 1 -2 -4 -18 16 0 -13 3 -19 
17 -11 -3 -14 2 14 8 -7 -9 19 -19 6 14 -10 6 -5 14 -18 11 4 5 14 -19 3 9 18 -13 -19 -14 -18 
20 -20 19 3 14 17 -5 -9 8 18 -15 9 16 -13 5 9 -11 -5 0 -8 12 17 -14 1 -8 -7 12 -14 -8 -13 
4 15 -14 -5 15 -15 -10 5 -2 -19 12 -6 -20 -16 5 6 13 -17 11 3 17 3 16 -13 -6 -4 0 -4 6 13 
5 -6 -10 -13 3 -10 18 -2 17 1 11 -1 -13 -19 3 -4 -17 9 -19 18 -8 -9 -9 -5 -4 17 20 9 -20 9 
5 8 11 -13 7 -15 0 7 -3 15 -8 -13 17 19 15 -6 -9 0 -10 -20 17 -6 -17 9 -17 -5 -18 -13 5 -6 
1 4 -6 15 -1 6 -17 -11 14 -13 -2 -18 -6 15 4 -6 -20 -6 -7 3 9 13 -1 -8 4 -8 -2 -11 -19 -8 
17 -11 -12 -6 -6 -18 5 16 18 19 -7 -2 -9 8 -20 -4 13 -8 -12 -11 19 -19 -7 -4 -8 19 -7 -10 -11 13 
4 -4 -7 8 8 6 -12 -8 -6 3 10 19 11 -7 -10 15 -10 -13 -12 13 14 20 3 20 -5 -3 15 -12 0 -18 
13 11 20 -10 17 -16 -6 -12 -20 1 -5 18 -15 9 -16 5 -12 -9 5 -12 -6 4 4 6 -20 -11 -14 0 -12 -8 
-9 -3 19 19 0 -20 13 -9 -10 6 -17 -16 16 -15 17 -8 -15 -19 3 15 -19 -20 13 -6 -3 14 15 -6 20 -5 
5 -4 9 1 -18 -11 -3 15 -13 4 17 -19 -12 -10 -19 -11 -5 8 -14 7 13 4 10 20 10 -18 2 1 -5 -2 
5 -12 -1 -12 10 -7 -3 -2 16 -13 -19 10 20 -18 12 10 10 -20 -10 16 7 -1 -5 13 -11 -2 1 16 -19 -3 
8 -11 10 15 -12 6 3 19 -12 3 20 12 -11 8 0 -10 -3 20 11 -12 0 11 18 1 -8 -2 9 -3 -8 -17 
8 -3 3 -1 18 -13 -17 13 -10 20 -3 19 6 -7 8 19 20 -19 -3 5 -7 17 15 -16 -7 19 -18 -18 5 3 
13 7 -7 -12 9 -11 10 17 14 -15 8 5 17 17 10 -12 17 -17 -14 -10 -18 -19 -14 8 -8 1 11 -15 -5 1 
-5 -1 -15 -18 7 13 -13 -19 14 -17 -16 -6 -12 4 -15 -15 14 -13 -8 -19 -14 -8 -6 -10 3 -10 -11 5 -5 8 
-3 11 19 11 0 -16 -14 19 -10 -11 13 -9 -10 17 5 13 -17 -14 -9 6 18 3 9 -2 -8 -8 19 -13 18 -7 
20 3 1 6 13 16 16 0 3 7 -18 16 15 0 -5 -15 -7 9 9 -17 16 11 -9 -12 20 13 -4 16 -7 -10 
-2 0 -12 -16 18 5 -2 7 9 -3 7 4 -17 -4 -2 -5 -12 20 2 -1 -1 -17 1 16 1 -2 -15 17 -7 12 
6 -20 -4 18 16 5 -10 6 -5 6 7 15 10 4 -18 20 5 -8 -9 4 -5 -3 5 0 -11 4 7 16 3 14 
11 13 10 18 -1 0 1 14 20 -11 -5 -12 19 -11 10 16 -11 9 2 17 -4 -18 8 10 -2 8 -19 -9 -8 -12 

delta=0.5
swaps=31
H(B)=0.524037
b1_norm=64.7457
time_ms=290.063


delta=0.75
swaps=110
H(B)=0.537634
b1_norm=64.7457
time_ms=478.772


delta=0.9
swaps=300
H(B)=0.537282
b1_norm=64.7457
time_ms=908.556


delta=0.95
swaps=371
H(B)=0.555001
b1_norm=64.7457
time_ms=1013.53


delta=0.99
swaps=594
H(B)=0.562676
b1_norm=56.2761
time_ms=1629.92


====================================
Matrix 12

3 2 -20 -20 17 -1 -10 9 17 17 -8 -18 -13 -12 -20 12 20 -5 19 -10 2 -4 11 -18 2 -15 -14 17 -14 -15 
7 18 2 4 -4 4 19 14 -16 -9 -2 -5 8 -17 -9 -8 2 8 1 -17 -7 -16 7 20 -12 17 6 -5 -3 14 
-7 19 -7 14 20 4 0 -15 15 -14 10 -7 14 13 13 -8 -20 11 20 16 19 11 7 -1 -11 -20 14 6 -4 6 
2 -10 -16 -16 -1 17 -16 5 5 -20 16 12 -16 9 9 2 20 -3 -18 0 1 1 11 10 20 -9 15 12 18 -18 
4 -8 -2 -16 -18 -3 18 -14 -2 -5 -15 -14 2 3 -4 -13 1 15 -5 13 12 13 -5 -9 -7 16 20 -3 18 10 
15 -8 -6 11 3 2 9 11 -10 -6 9 -8 5 11 -14 16 11 -8 18 -2 -16 20 -6 -3 1 -18 1 -4 4 -3 
7 5 12 -3 -16 12 -9 -2 -4 0 -19 -9 18 -8 -17 6 15 16 10 -4 -16 -4 8 16 -8 -1 19 -1 18 2 
0 1 -9 -13 -18 0 16 -19 -10 16 -12 -5 -3 -19 -3 17 -18 -14 -9 -2 -19 15 -20 1 -3 -12 -13 -6 18 -6 
-12 -1 15 14 9 10 11 3 19 -1 -15 -20 14 -17 -13 -17 6 14 -20 6 3 7 18 19 17 -15 10 -6 15 -18 
-1 -15 7 -20 -5 5 6 -2 16 17 -13 -14 -17 -5 -12 12 2 1 -14 -9 11 -10 -14 4 3 -7 16 -9 -20 -18 
-4 -16 -7 4 4 5 17 11 4 -1 -13 -4 -15 -16 -6 16 18 7 15 12 1 6 15 -13 -13 -10 -1 -2 8 4 
-16 -20 19 15 -19 -19 -3 18 -8 -12 14 7 -11 -16 -13 17 -19 0 9 8 14 -10 19 -12 7 15 6 14 -5 11 
11 -7 -3 8 16 -6 -2 -14 -19 1 -1 -20 -10 -8 -9 -10 -13 -18 -12 8 -11 -14 18 -16 14 -3 -3 2 2 -2 
7 6 -19 19 -16 -8 20 -8 -4 -9 5 1 1 11 -4 -8 14 20 16 -1 5 -2 -14 -17 4 9 20 16 3 -6 
-1 -3 -1 -9 0 2 -18 12 -17 -19 -14 -10 11 14 19 2 -5 -2 -15 15 17 -14 18 -8 17 -8 10 -11 -12 8 
-17 -1 -9 16 -9 -4 -5 16 -16 -8 -6 -3 -9 -15 2 2 20 1 7 -17 -13 16 7 9 -16 17 12 -14 13 16 
12 9 -8 11 15 3 18 15 6 0 -15 -20 20 4 -7 12 -7 -20 -13 -1 -2 -11 -13 -13 7 -7 -15 6 20 19 
-11 1 9 15 9 -3 -9 19 0 3 4 12 -1 -10 -6 -11 11 0 -20 13 7 13 7 9 -17 -13 -13 19 -8 -9 
4 -17 17 20 0 -12 -4 -20 8 -20 14 -9 14 17 -19 -20 14 16 -11 -10 0 17 -13 18 5 12 0 11 14 9 
-11 18 14 11 4 -20 -6 -6 -20 6 12 9 -19 1 -5 -9 -13 18 1 -1 16 -8 -9 -2 20 3 -19 -20 -2 1 
15 -20 6 -11 20 -15 1 13 20 11 -11 8 -6 17 -11 -7 -13 -6 17 -9 -18 16 5 -11 -9 -14 7 11 -2 13 
13 12 8 -7 6 -11 -13 12 7 -10 5 17 4 13 -10 0 18 -8 18 -5 -5 9 1 18 10 10 -19 -5 0 10 
3 -10 19 17 -13 -12 -20 9 3 2 18 -10 -18 12 -10 7 18 15 8 0 -17 0 -11 17 -20 -19 -5 6 -16 13 
14 11 2 17 3 18 -16 -7 -4 16 13 -4 18 -6 -11 -4 -17 -15 -14 -8 8 -5 19 -2 2 1 -16 1 -12 19 
-8 -3 -3 15 0 -17 -15 -20 19 19 -18 -3 -12 -14 10 3 -20 -8 11 -3 -9 10 -15 14 -1 -2 1 5 -17 -13 
-9 -3 -19 16 15 -16 5 -1 16 -19 4 -11 1 -19 17 12 5 -12 -13 6 13 -6 -9 -4 13 -16 -18 19 5 5 
-7 -16 -3 19 14 -5 -1 -8 -7 11 -7 11 -20 10 7 10 -12 17 -17 14 0 19 9 2 -18 -14 -15 16 3 3 
-16 10 9 -6 17 -19 8 -6 9 14 9 -2 -14 4 -6 13 -19 -8 -12 -11 -14 18 1 -2 4 3 -13 19 -20 10 
-14 11 19 16 -7 -3 -3 -16 2 -11 -7 -13 -12 15 13 4 15 -5 -4 14 16 17 -15 -19 -4 -20 8 14 10 -9 
3 -17 4 10 11 1 13 11 -15 17 -14 16 -2 7 0 -14 8 8 12 0 15 -16 17 17 6 -2 -5 -17 -12 1 

delta=0.5
swaps=14
H(B)=0.631667
b1_norm=74.7864
time_ms=80.3587


delta=0.75
swaps=65
H(B)=0.638526
b1_norm=60.4731
time_ms=143.931


delta=0.9
swaps=162
H(B)=0.650237
b1_norm=55.8659
time_ms=283.321


delta=0.95
swaps=224
H(B)=0.643965
b1_norm=55.8659
time_ms=281.579


delta=0.99
swaps=259
H(B)=0.647749
b1_norm=55.8659
time_ms=330.149


====================================
Matrix 13

-3 19 -9 17 -12 1 13 3 -5 -7 19 -14 -18 -19 -13 -19 5 15 2 15 -9 1 4 -3 -18 -4 16 2 11 15 
2 13 10 4 -18 17 -16 17 -13 -11 -20 0 13 -9 -4 -16 16 -12 -19 2 17 -16 0 -16 -20 -3 -9 -12 13 -9 
-17 -19 2 -18 -5 -7 -19 10 11 -11 16 -5 -6 11 -10 -5 16 -12 -2 5 17 15 18 6 -13 9 10 -1 9 5 
5 -4 -17 5 10 -5 -17 -10 -9 -2 14 13 -1 -8 -16 -6 -17 12 -17 1 10 16 -10 17 -10 -16 -14 11 12 10 
-17 -14 10 -4 -7 -7 20 3 14 1 -12 2 2 -14 -4 -20 17 6 7 -2 6 4 -13 16 -5 -5 -8 -19 -11 4 
6 -6 -17 9 8 5 -16 4 -10 -1 14 -14 -9 -2 3 -20 -11 -19 -17 -13 -9 -9 0 6 16 -9 12 -5 8 -2 
-8 -5 -13 -10 14 13 20 5 -16 -14 15 4 -8 -7 8 5 1 0 11 -10 -1 -5 9 20 18 15 -13 -6 12 13 
15 -1 9 -17 -7 6 7 10 20 12 4 -7 14 7 -17 18 -11 10 8 14 15 3 5 18 6 0 -12 9 1 -16 
14 3 -2 20 18 -2 -1 -13 1 14 10 -18 10 16 -10 15 -13 -15 4 -4 -6 -9 5 9 4 -8 -1 12 17 20 
-13 12 12 1 1 6 11 17 -3 -17 -9 4 -3 0 -19 5 -4 8 20 -10 -1 6 1 16 19 13 20 4 20 14 
-20 8 -10 -2 -8 -4 14 -9 4 -9 17 5 -14 -11 4 11 -9 4 -6 -17 9 -18 20 14 19 -12 -14 -6 15 -6 
-12 6 19 15 2 6 -14 -7 -12 -17 -5 2 20 9 -8 10 -10 -1 -2 -2 14 19 -15 6 -13 -17 -3 0 12 -6 
2 -17 -13 -17 15 -2 19 -20 -7 11 5 -8 -10 -1 -20 17 -3 12 3 -12 20 16 -10 -2 7 -12 -8 18 18 -19 
-8 6 0 13 16 -2 -14 -14 -12 -18 -6 2 2 -1 -1 -15 2 -3 -7 3 -7 -13 0 -4 -9 18 -1 11 -19 -10 
-9 -19 -10 17 0 15 1 6 -16 4 20 19 18 -13 5 9 9 13 17 16 4 8 -8 20 13 -5 -11 19 -4 3 
-15 11 -20 -17 -18 19 19 0 -3 6 -16 7 16 -15 -18 0 5 1 3 6 8 -10 -2 -6 -10 19 7 11 3 -10 
20 -9 -3 -20 15 -17 16 1 -19 18 -5 16 -7 19 7 -16 16 -7 -6 7 -18 -9 -15 -8 6 16 -1 -14 2 -14 
14 -17 -5 -12 -15 10 0 -17 -5 -4 6 9 -1 -12 -18 11 -18 -17 -4 -2 -13 0 -13 -9 -7 -16 -16 -13 -14 6 
-13 10 -1 -11 -5 -6 -19 -6 -18 3 -7 -7 -2 -16 -18 -9 1 -19 9 8 19 1 10 13 -13 8 -6 0 -2 15 
-10 14 -8 -20 1 -14 -9 -9 11 -8 -20 -14 19 -20 16 16 15 6 -20 18 -11 9 -12 -2 15 2 -7 -19 -9 -15 
-16 3 -11 13 -12 -11 -11 7 -12 10 5 -9 5 -17 13 20 0 -19 -13 -2 19 -7 13 -4 11 -13 -16 6 17 12 
8 19 -14 -1 6 -9 -17 19 20 -16 0 0 -16 14 -12 -17 -6 -20 1 -2 16 -16 -19 -18 14 -3 14 3 -5 11 
16 -9 5 18 15 17 -12 -4 10 19 -5 19 3 -17 -16 -14 4 9 -3 1 -19 -17 12 19 -12 19 -20 -19 12 19 
7 7 -10 15 -13 -16 -5 2 9 -1 18 9 6 -9 18 -7 -2 -5 15 2 -9 3 9 -19 -4 13 13 20 14 -19 
-16 13 16 -1 5 7 -15 8 -6 -10 6 -8 12 16 16 -1 -17 9 7 1 -6 6 -7 -14 4 -18 3 -11 -12 14 
13 19 16 -17 13 14 -14 -12 -6 -6 -9 -2 10 -20 -3 -4 -6 -13 16 -1 -19 -20 9 3 14 -3 16 10 15 11 
-19 7 10 -11 12 18 -17 18 18 -19 14 -7 20 12 -13 -17 10 2 1 19 20 10 -18 3 -18 3 16 4 17 6 
-12 -4 -1 -1 -14 -16 -8 -20 19 4 -5 -14 1 8 -13 6 -19 1 8 12 16 -11 -4 -6 11 -2 -2 -13 1 19 
-4 0 19 3 1 -6 -2 1 18 -17 -5 3 9 12 12 8 1 -5 -15 -8 9 16 -8 -5 -1 -16 -2 -12 -16 -18 
-1 -3 18 -4 3 8 15 10 -19 -3 -5 16 8 8 -9 -16 -1 -13 -18 -6 -19 -20 11 12 3 12 -16 7 -12 10 

delta=0.5
swaps=12
H(B)=0.597157
b1_norm=66.6408
time_ms=102.274


delta=0.75
swaps=77
H(B)=0.610191
b1_norm=66.6408
time_ms=242.947


delta=0.9
swaps=163
H(B)=0.604389
b1_norm=59.4643
time_ms=380.001


delta=0.95
swaps=229
H(B)=0.614865
b1_norm=54.3415
time_ms=448.844


delta=0.99
swaps=292
H(B)=0.603865
b1_norm=54.3415
time_ms=683.498


====================================
Matrix 14

-13 -9 20 -10 19 -3 -18 -6 -15 17 9 -13 -17 15 6 0 -9 20 3 2 17 3 19 16 14 14 -13 14 0 -1 
-18 -11 3 -18 7 9 -8 -4 16 11 -13 4 1 16 2 -3 12 9 5 1 5 10 20 8 -14 18 -4 -18 -19 14 
-5 18 13 -11 17 -16 0 18 -5 -2 -7 13 3 -14 -14 -17 -16 16 2 17 -8 -18 10 -3 14 -10 15 -13 -10 10 
-7 4 10 6 16 15 13 -10 10 -8 -6 6 -7 15 -12 10 13 11 -3 16 7 -18 -6 -2 3 20 19 3 -19 -19 
19 20 12 -12 10 -15 9 -7 7 3 -9 10 0 -12 -10 3 -13 19 -17 -19 5 -7 11 -6 20 17 16 -6 -8 9 
-5 14 -1 -8 14 13 -6 8 17 15 16 -8 -6 -7 10 -11 5 -7 14 -20 11 -14 18 -1 13 17 20 5 -13 5 
-16 19 -20 16 2 3 -16 18 -19 8 -13 -11 13 5 7 -11 -10 2 -8 -9 -1 18 -7 15 8 -5 -6 1 9 17 
-16 -12 3 -4 2 -20 -18 -19 2 -20 -7 1 12 19 -16 18 0 -13 7 -8 -3 5 -11 -6 9 17 -20 10 -11 -4 
6 -13 10 9 17 -10 14 2 -1 -17 1 18 1 -19 5 15 -5 -5 -5 -20 -3 -6 -15 -12 13 -9 2 19 12 -9 
9 10 15 -19 -14 -15 -4 -6 10 -16 18 -3 -1 19 -19 -4 -13 -13 -3 -11 -5 8 1 9 -11 13 -6 12 10 -16 
3 -17 -6 1 4 1 -14 -8 -13 -13 -8 15 -4 8 -5 6 0 14 18 16 12 -3 -16 -13 15 -8 18 13 -12 12 
18 14 0 5 13 -19 -4 -11 -11 0 20 -14 15 15 -18 -2 -5 -10 12 19 -10 -20 3 -9 20 17 7 17 13 0 
16 2 -12 -2 7 18 -2 -2 -12 1 3 -6 5 -1 1 16 6 4 9 17 -4 -12 15 -20 -9 5 14 -8 17 8 
-8 13 15 -5 -18 -12 18 -5 -10 10 -5 -6 16 -14 -9 2 12 6 -11 12 -20 -15 16 -1 6 -20 17 16 -15 -8 
13 17 -8 9 -19 5 14 -3 19 2 -13 -13 11 17 11 -12 7 2 -4 3 11 5 20 11 20 -7 -16 20 -2 -7 
17 -16 2 -10 -3 -6 -19 -2 -4 -2 7 10 -7 -1 2 19 1 -10 20 17 16 -2 13 8 -7 19 0 13 -9 20 
4 -2 -16 5 -14 8 -3 10 -8 20 20 -14 5 18 19 -6 14 17 -8 19 10 16 6 -4 1 -1 13 11 11 3 
-17 -3 9 0 -3 2 -12 -6 -13 -11 8 7 -17 20 -15 -8 -13 -2 -18 20 14 12 -18 -12 10 -10 6 -19 -12 18 
9 18 -19 12 13 16 7 -10 -20 -8 2 -7 1 -16 -9 20 -11 10 11 -19 -16 4 -15 10 -20 -5 -16 -10 -14 -14 
15 -10 -5 2 3 -20 -6 2 -1 17 -3 -17 20 7 3 10 16 5 -17 -17 -6 9 18 -5 -13 10 5 -4 9 -1 
12 1 14 -4 7 -20 13 11 -18 -8 -10 4 13 12 -6 5 -16 20 18 -17 -14 6 19 16 -19 10 8 -6 17 -13 
-16 -8 -20 14 -2 -12 1 -7 -4 10 13 -11 9 -18 18 -2 5 -9 16 -7 -4 -7 -4 -5 8 7 18 8 -14 4 
-2 12 12 -3 -6 18 -13 -10 -11 -15 -10 14 17 -14 -20 -12 -12 -15 10 4 -15 -1 18 5 -13 -3 -2 -10 19 3 
4 -16 -18 -6 7 -14 -3 -6 -7 8 -1 20 19 -2 12 6 14 4 -13 -19 0 3 -5 -8 -5 11 19 20 8 -8 
-17 7 7 -11 20 7 -3 18 -19 9 12 9 -2 19 19 14 14 11 20 0 -1 -6 -14 0 -1 -11 -5 -16 9 -4 
-20 -16 14 9 0 3 -14 -12 -6 12 17 18 -17 -14 -15 -18 -6 -5 20 11 -9 1 -17 12 -9 -14 -7 -19 18 -15 
1 -7 6 -16 8 18 17 7 8 -15 7 -12 19 3 1 18 -19 -17 11 -7 2 -14 -13 5 -12 -8 8 -2 -17 16 
-20 -4 2 -18 -17 -13 0 11 14 -1 12 11 13 12 11 -15 -12 -4 0 -11 20 15 -4 2 -2 1 2 -18 13 -18 
-20 -18 -8 -10 12 -5 12 11 -10 -6 18 11 -13 -8 -2 15 -3 -4 16 -3 -6 4 12 9 -13 6 -19 7 -2 13 
-2 14 -18 14 -6 15 -14 -16 -3 17 -5 -18 13 -18 1 -16 -8 -15 18 12 15 12 6 -6 14 13 9 6 16 5 

delta=0.5
swaps=28
H(B)=0.490984
b1_norm=70.4344
time_ms=248.577


delta=0.75
swaps=118
H(B)=0.530091
b1_norm=70.4344
time_ms=516.909


delta=0.9
swaps=305
H(B)=0.553493
b1_norm=57.7062
time_ms=954.841


delta=0.95
swaps=469
H(B)=0.55619
b1_norm=43.4971
time_ms=1446.21


delta=0.99
swaps=558
H(B)=0.568025
b1_norm=43.4971
time_ms=1635.57


====================================
Matrix 15

14 -14 -10 -10 -7 -12 13 1 -12 -12 3 -6 17 13 -11 -13 18 3 2 2 -9 -8 -3 10 4 4 10 16 -11 -19 
6 -17 -11 -15 13 4 -8 -11 -1 -11 16 20 -11 -14 -8 2 -1 -4 17 6 -8 0 7 -14 2 -16 -9 -10 15 11 
20 -1 -20 17 -8 5 9 -20 6 -1 13 15 -8 -11 -2 4 12 9 -19 -7 6 -9 -16 2 0 -12 -6 -8 -14 18 
-20 12 15 -20 -19 6 -13 1 16 7 4 -8 5 -2 0 3 9 6 6 -6 6 -15 -15 -10 18 -10 -7 -9 -13 -12 
19 16 -4 -18 -12 14 17 -2 19 -15 17 -20 17 -15 -5 7 20 16 -15 -17 -2 17 2 -12 0 -2 14 12 1 16 
-4 -7 12 8 -12 17 -8 6 12 -9 0 -18 -16 -3 18 16 6 14 1 1 6 8 -8 5 -3 2 -14 19 -6 -1 
-19 8 -10 17 -17 16 7 9 -4 -8 12 -10 13 20 18 -20 -6 -8 19 -10 -5 14 0 0 1 -1 -9 -5 -6 -8 
20 0 -11 4 12 -10 13 13 -12 16 18 12 -20 -20 17 8 12 3 4 2 11 15 -15 -14 18 -15 -15 -7 11 8 
14 -15 0 -9 -8 9 -9 7 -8 17 -11 -15 -14 -17 0 18 6 18 3 13 -11 0 -15 2 15 -3 -7 -11 13 -19 
4 5 -14 9 -18 -3 9 4 9 14 3 -2 -17 8 14 14 16 5 11 -9 9 -19 -3 -7 4 15 5 -7 -5 -14 
6 7 1 -5 -3 -10 20 -8 -4 -9 -5 6 -4 -16 -11 -15 -12 -1 12 16 0 -13 6 13 9 9 9 16 2 -16 
-6 4 6 -8 14 -4 16 -4 -2 -5 -2 19 4 5 13 11 -5 10 -2 -12 8 -4 14 -5 -12 2 8 0 5 7 
-15 -9 -13 -13 5 20 17 13 -3 2 16 3 10 10 -7 -6 7 9 8 12 7 19 2 19 -13 -20 18 15 -17 -16 
19 -4 -20 6 0 -13 -6 16 10 13 -7 5 10 12 10 -11 18 14 -2 -13 2 8 11 -1 8 -9 3 17 6 -7 
15 -3 -12 -9 -5 -2 -1 -18 -7 13 12 7 -2 0 -11 5 14 -20 -18 -4 0 18 -1 9 -6 -18 -9 13 17 -19 
16 12 1 -12 -8 17 13 -18 -13 10 0 -13 -15 2 -14 -1 -15 -3 8 4 13 10 -2 12 -13 -2 -15 -11 -8 -19 
6 -11 19 13 7 -19 15 -13 -19 -11 -5 17 11 -2 -6 6 -9 -7 12 -3 7 14 4 14 -7 -13 -7 15 15 10 
6 16 -9 -18 -16 -13 10 -13 -4 3 -7 19 1 -12 12 -15 -20 -1 19 6 20 8 15 13 -18 -13 -4 19 -13 3 
-3 -2 18 -18 9 20 -5 18 13 -14 10 11 7 -6 -7 -14 -20 -12 4 -3 19 -18 6 -16 14 13 16 -1 18 -17 
-7 -9 13 8 -12 18 11 16 -9 -9 -15 -11 11 -6 -10 -3 -15 15 -7 19 20 -12 -13 -3 14 12 7 -7 -17 -12 
8 4 2 -8 -19 -12 17 -2 5 3 -18 -12 19 16 15 -10 16 -14 -15 5 -14 14 -17 4 2 2 -12 11 -3 -12 
-11 7 0 -9 4 6 0 5 20 14 6 20 -12 -11 -12 -18 8 -18 12 -4 19 -20 -1 -13 10 2 -2 15 -7 -20 
5 14 -4 -14 10 20 16 17 -8 7 10 -8 12 20 -16 -4 -7 -11 18 -10 -11 -1 -16 2 5 -12 1 10 0 -12 
15 19 10 -1 8 16 0 -8 13 -15 -15 -16 18 -3 7 0 -11 4 5 -15 -4 17 17 3 1 -14 1 8 11 20 
8 -5 17 -9 -16 -1 -15 -5 -20 -14 16 -9 -8 -11 15 6 16 4 6 -7 -18 -3 15 2 -6 -18 -18 -18 -18 -12 
-14 1 -18 1 -19 9 -15 -18 14 8 13 -19 3 1 8 -8 -18 -10 -10 -11 -10 20 16 3 5 12 12 -12 7 -12 
1 8 0 14 12 -19 7 6 13 1 5 7 -11 8 -16 -15 -9 3 1 3 0 15 -1 -13 -18 -16 11 -4 -5 -17 
-6 20 -4 10 -19 -19 -4 17 10 20 10 9 6 -3 18 -8 3 7 -18 19 10 -12 0 -16 -11 18 -13 12 -10 -10 
9 -4 9 7 -12 13 -3 4 4 11 4 -4 -1 9 3 18 -3 -5 10 14 -19 19 13 17 9 12 12 12 7 15 
-9 15 8 -8 -20 -2 14 15 17 17 -19 17 6 17 -10 -2 10 18 16 -11 -7 16 15 -15 -5 4 -10 15 17 15 

delta=0.5
swaps=11
H(B)=0.579787
b1_norm=59.1692
time_ms=156.649


delta=0.75
swaps=66
H(B)=0.599114
b1_norm=59.1692
time_ms=248.385


delta=0.9
swaps=168
H(B)=0.594067
b1_norm=47.1275
time_ms=461.691


delta=0.95
swaps=243
H(B)=0.600521
b1_norm=47.1275
time_ms=587.155


delta=0.99
swaps=328
H(B)=0.607641
b1_norm=47.1275
time_ms=746.435


====================================
Matrix 16

16 -9 7 -5 -17 -13 5 0 12 20 -17 -3 9 20 16 -19 -3 8 -1 -14 -2 -2 -7 20 15 6 1 6 -3 -2 
3 -20 12 -2 5 14 -19 4 3 -7 -18 9 -17 -12 -12 -18 -18 -2 -12 -4 -6 -2 -11 -13 -20 15 -1 -7 13 17 
9 1 11 16 -3 14 -12 5 -17 -5 -18 14 2 -6 13 18 12 20 -18 5 -7 -18 -19 1 -11 12 -4 18 9 -3 
-1 5 15 -16 -8 3 15 -12 7 13 -4 11 12 8 -4 14 2 -14 15 7 -13 16 6 -19 -1 12 9 12 5 -3 
6 20 12 -6 4 1 5 -17 -6 -2 18 7 -8 20 2 -4 -15 16 -19 -7 -7 -18 4 8 8 2 -4 12 -7 -15 
-12 -18 4 4 -2 -18 -20 0 11 -7 -6 -7 -6 -13 -4 0 -11 10 -7 11 7 -19 13 0 -11 -2 -7 17 12 19 
9 10 -8 -8 0 9 7 1 -18 -19 4 -15 18 -14 -15 -18 2 -19 -17 19 0 -10 17 -13 -14 14 -11 -2 5 -10 
2 17 12 16 10 -12 10 -20 -12 -9 -1 -14 -7 -16 13 2 -5 1 -15 0 8 10 -13 -10 9 6 8 2 20 -9 
-3 17 -10 -3 -5 -13 8 16 -3 -3 -12 -10 4 -7 16 -5 -18 -16 -9 15 -6 -3 15 -19 -5 16 4 -2 -9 5 
0 -18 -7 4 19 14 -3 14 5 19 -4 14 20 16 -16 5 18 7 -16 -18 -11 -9 -18 -15 -5 -19 -20 9 -15 5 
5 5 19 -17 4 19 -2 5 12 -7 20 14 19 -9 18 -11 -4 6 14 0 -3 -19 -19 -10 3 18 -11 -17 -8 18 
9 6 -1 11 -13 12 9 -14 1 12 -10 14 -3 3 14 3 -8 12 -16 -14 -18 9 -9 -18 11 0 16 -5 -20 -12 
-20 -2 -9 -3 -3 4 -14 -8 14 -7 -10 10 -3 -14 -14 8 -16 -18 -12 19 12 6 -8 -13 -2 -16 2 2 17 -4 
16 16 -19 -10 18 -16 13 18 17 4 18 17 15 12 11 -10 20 -1 -13 -3 4 -7 14 -1 -5 1 19 -11 15 16 
-6 -11 17 19 -1 -6 18 -10 6 -12 11 -12 -10 5 3 14 4 -8 3 -7 -10 4 2 17 9 -8 17 19 8 -10 
-9 5 1 2 -4 -7 20 13 18 1 -13 1 3 11 -20 -2 11 17 18 11 -11 -6 -9 9 -10 7 -16 17 15 -5 
14 -6 -17 -18 -19 10 14 20 11 -11 1 -20 18 18 -14 -16 7 -15 2 -4 10 10 -12 -7 2 11 -16 -7 -18 -20 
10 4 1 5 -1 1 2 9 8 -19 -3 -1 19 19 3 -4 19 -13 -8 4 10 -3 20 5 -3 -19 -11 -1 -1 -17 
-20 -2 -6 6 -11 -19 19 -13 2 -18 -6 9 -17 -12 20 6 14 -20 -10 13 14 19 -20 1 -3 -1 -17 -6 11 2 
-18 17 7 -13 -15 0 6 -5 -20 18 19 17 -13 -8 4 7 -16 -12 3 -12 -1 -20 -1 18 -15 3 6 -11 6 17 
-16 -13 9 14 -18 8 15 8 -19 19 18 -16 -3 19 -9 17 12 -19 6 5 8 13 18 8 19 4 19 -2 17 -2 
18 14 -4 -15 -16 13 -11 19 1 -14 16 3 -1 8 -20 8 -1 -20 -2 -16 -5 -3 1 13 11 19 -2 19 17 -9 
20 -17 -5 6 17 -13 -11 8 -11 15 12 -2 -19 15 20 14 -4 4 19 15 -11 -1 -2 -13 9 -2 -10 14 -4 4 
-9 2 -10 -3 -18 18 20 3 16 0 -8 -2 -4 -20 -20 0 7 -9 11 18 -14 -6 9 19 16 -10 13 -10 17 17 
8 -19 10 10 -18 5 6 -13 3 18 18 -2 15 1 -15 13 -14 -14 8 1 -2 18 7 -19 17 12 -4 -7 -20 12 
-2 -4 15 -8 7 -17 3 -6 -1 7 -12 4 -19 9 -12 -17 6 11 8 -1 -2 10 16 12 6 9 5 7 -17 13 
0 -16 -3 -7 17 -2 -10 -16 20 5 0 -6 5 4 3 -8 9 9 -7 -1 11 -12 -12 7 20 -1 6 -2 -17 -1 
10 13 -14 -12 14 -13 -4 -18 12 0 9 14 -4 -4 -7 -11 14 -5 17 -17 7 1 -14 -12 17 14 -11 9 -6 -5 
16 8 -8 13 11 0 17 10 3 -19 -15 -6 -4 2 6 -12 15 -13 5 -3 4 12 11 18 6 8 5 -6 17 -14 
-6 14 2 -5 5 -9 2 -9 -5 -14 6 -7 -1 -18 -17 5 3 -18 2 12 15 4 5 12 -11 8 -14 12 -14 -19 

delta=0.5
swaps=27
H(B)=0.588728
b1_norm=62.2254
time_ms=121.216


delta=0.75
swaps=111
H(B)=0.590961
b1_norm=62.2254
time_ms=326.651


delta=0.9
swaps=220
H(B)=0.604922
b1_norm=58.515
time_ms=507.954


delta=0.95
swaps=267
H(B)=0.604548
b1_norm=58.515
time_ms=632.68


delta=0.99
swaps=356
H(B)=0.611417
b1_norm=54.2125
time_ms=767.593


====================================
Matrix 17

19 -5 -8 -1 9 -5 -8 -1 -12 -2 2 -10 7 10 19 -1 7 11 -13 20 19 3 -8 -11 18 -14 -10 9 -2 -7 
8 4 20 -20 -11 -5 -1 -9 2 -19 -12 9 16 -5 10 -18 14 -11 -8 11 9 6 -7 -7 4 6 0 14 2 9 
-16 7 -18 -3 -5 -18 -15 -4 15 8 13 -10 -6 13 12 11 18 -12 19 -8 20 10 7 -7 20 -3 11 -2 -18 0 
3 -11 5 19 5 -3 -12 -11 2 11 13 0 20 -8 12 -7 15 -3 14 -1 20 9 -16 10 10 17 -6 -6 -5 -10 
-14 5 -8 16 7 -3 15 14 19 3 -5 8 8 1 -3 -19 -15 -7 -10 -10 -6 -18 18 -15 -8 -4 -15 2 19 12 
-6 -1 -14 -3 10 6 -18 -14 -1 -5 -8 3 -1 4 -11 13 -10 -17 -3 -9 19 4 -11 -8 -6 18 -4 19 -8 13 
14 -12 -6 12 -2 18 6 18 0 -11 12 12 6 -5 7 -1 6 -12 -6 -19 0 -16 12 2 -17 -18 8 10 10 -15 
-19 12 15 4 5 7 -12 -18 -14 3 -16 -12 -16 -6 10 10 -7 -11 19 -3 -20 -2 -17 13 -1 -17 -8 -6 17 11 
13 7 -17 18 -13 -8 0 10 -3 -10 10 18 -20 4 20 20 8 3 -7 -20 -4 9 0 -10 -15 -6 -7 -4 -8 1 
1 0 -10 -18 16 20 -5 8 -17 -3 -6 -1 -5 -7 17 3 -15 20 12 9 17 18 -14 6 4 16 20 8 -5 -7 
16 15 -13 5 -9 18 20 -3 18 -1 -19 7 15 -19 10 -12 13 -17 -13 14 -8 20 -15 -1 13 11 14 7 -5 -9 
8 11 -12 -11 18 -12 5 10 -14 3 -16 -4 -19 -19 19 16 -9 -14 -10 14 2 -10 -15 -17 -4 -14 -10 -6 -6 -13 
5 -8 4 13 -3 -12 16 20 -19 3 7 16 -15 -19 -6 11 -16 -13 20 1 -11 14 -5 15 -18 7 5 20 11 -3 
-11 -14 4 -4 -12 6 0 -3 -8 19 -19 -17 6 10 16 -10 15 -4 4 -3 -19 20 12 3 -10 19 15 -18 15 -20 
-7 18 1 15 -2 10 -18 13 18 -13 1 -20 -9 -15 -13 19 5 8 -20 5 13 -7 15 -20 -6 -1 12 -18 5 10 
19 -10 -1 6 6 6 16 -15 16 -3 -16 -4 16 15 -1 -19 -14 20 -3 5 -16 -4 -7 -8 -11 1 17 2 -14 -10 
18 16 7 -6 7 15 -6 -3 14 4 17 3 -13 4 19 0 11 1 12 -18 -10 16 3 -9 -2 -5 -7 10 -16 -9 
8 3 -16 -7 -12 -11 -18 -14 5 8 -3 10 -1 0 10 -15 -17 -14 14 5 10 7 3 18 -11 2 14 11 6 -6 
0 -14 -16 -14 -1 -20 17 -19 -4 -1 5 19 -17 15 19 19 14 8 -16 -3 -14 8 8 18 -2 -20 9 -19 13 1 
19 -20 -13 -1 -3 20 -11 -9 12 14 1 -1 19 -15 20 -2 1 -8 4 20 -9 8 -10 -9 20 1 16 17 -20 -16 
-16 20 9 4 -3 13 10 -18 -12 16 17 -5 4 -2 9 20 -11 6 -5 -15 -3 -7 2 11 6 -17 -1 8 -15 7 
-17 18 9 -5 -20 3 18 -16 -4 -7 8 -15 -6 -7 -19 -10 4 -8 6 -11 -5 5 1 -5 19 -1 5 -7 13 -2 
-14 -17 -12 12 -18 6 -3 -17 18 -2 11 -16 14 20 -4 10 -16 19 -18 -10 14 -7 13 -6 15 16 19 7 8 -13 
8 -3 -7 -9 3 15 17 -16 15 -10 -18 15 -11 15 -5 -20 1 7 6 -12 -19 -1 12 -4 -3 -14 -15 19 -11 6 
-3 11 11 -12 -4 2 -14 5 -7 9 -15 -7 17 -4 13 2 -18 -9 1 8 -3 -10 -17 -10 -5 2 8 17 20 15 
6 -17 20 -14 -4 4 -2 -14 -6 -9 -3 -18 19 9 -20 1 -3 -15 1 14 12 10 14 19 9 -10 4 -14 -2 -4 
-6 -10 15 2 -6 7 6 -20 11 17 11 -20 4 11 18 3 8 -11 -4 -10 -2 -9 10 -13 -11 -6 -17 -16 14 -8 
4 -8 11 -1 18 -8 -8 10 -5 -14 0 -10 -6 1 -20 -10 10 -13 -14 -7 -15 5 5 16 -19 4 18 4 4 6 
1 18 10 -4 -20 9 -18 9 -8 18 16 3 -9 9 17 9 -10 -18 -4 2 10 20 8 7 -11 -18 -9 -2 15 -13 
-19 5 -11 11 20 4 17 9 -19 -3 -5 6 -15 12 9 19 -4 20 18 7 8 -6 9 11 5 -11 2 6 20 17 

delta=0.5
swaps=16
H(B)=0.605583
b1_norm=58.5918
time_ms=75.4708


delta=0.75
swaps=94
H(B)=0.593156
b1_norm=58.5918
time_ms=232.032


delta=0.9
swaps=144
H(B)=0.603927
b1_norm=58.5918
time_ms=277.47


delta=0.95
swaps=251
H(B)=0.6022
b1_norm=58.5918
time_ms=434.85


delta=0.99
swaps=364
H(B)=0.595453
b1_norm=58.5918
time_ms=545.65


====================================
Matrix 18

20 -4 -1 4 -14 2 14 -5 -14 10 -15 -9 -1 8 12 10 -8 3 -5 -20 1 10 -1 12 -8 15 -20 17 -1 -1 
0 -15 9 5 -16 6 7 9 16 -12 19 0 -16 -18 -11 0 -5 -12 -19 17 -15 20 1 14 20 16 4 2 -13 3 
11 -12 0 -13 2 3 -5 -8 13 15 8 15 9 2 -17 -20 -12 12 -4 15 -17 8 14 7 19 -1 5 18 -7 -6 
2 -2 -19 1 -11 -9 -18 6 -17 -3 -19 1 -12 -10 14 -11 19 -12 -19 -15 9 -13 14 -17 16 -13 12 -16 15 -1 
-16 -16 -3 20 17 7 3 -1 -11 10 9 -2 -14 14 3 16 -5 11 0 18 -7 11 -5 -6 10 3 -6 17 -1 -5 
-14 7 15 8 -8 -7 13 13 -16 -2 14 10 -2 -6 13 18 -13 6 -5 5 -4 -5 12 15 -15 18 -12 18 2 16 
1 19 -13 -1 -13 -1 -19 -8 -12 7 16 13 5 18 3 8 -15 1 -5 14 8 -20 -4 20 4 4 16 -9 -17 2 
2 8 11 19 12 -17 -6 -17 9 10 0 20 7 9 13 -18 -10 5 0 -12 19 15 4 16 2 -12 -11 11 2 15 
-20 10 19 0 11 3 -4 15 5 -9 -16 -10 20 10 -20 -20 17 12 14 6 10 0 -20 -14 -19 17 8 13 10 1 
-7 20 -4 9 -8 13 -8 0 6 -3 19 -7 11 11 2 -6 -8 -10 16 19 3 7 3 8 -6 0 12 11 3 16 
0 -14 17 15 -16 11 18 -5 -2 14 -4 16 13 -14 2 -1 9 19 -5 -15 -17 0 18 11 14 19 -1 -5 -10 -20 
-2 -12 1 -14 -10 0 4 11 -6 -11 -13 11 6 13 -5 1 -18 18 7 5 14 -11 13 -4 9 16 -20 -19 3 -13 
-15 -13 11 11 -15 1 0 8 1 20 -7 13 8 2 2 -10 19 -17 0 -17 14 -15 -8 8 -20 1 15 15 10 -15 
16 14 1 10 -15 5 -12 -15 -4 -16 -7 -4 1 -14 20 -20 3 17 15 14 -6 -4 -3 -16 4 -10 19 5 13 20 
2 18 8 8 -19 -4 -5 -13 7 0 -14 10 0 3 3 -6 -14 3 15 -16 -9 -16 -14 -16 -10 -14 5 -15 13 8 
0 -15 -17 3 -13 1 -4 -5 -6 18 -15 18 -18 -19 8 13 20 -9 -15 0 -4 19 -17 -12 0 18 -18 -20 -12 8 
-3 17 1 8 4 9 -1 -7 -5 18 -13 11 -15 7 -3 13 -11 -1 -13 -9 -19 -2 -2 -12 17 -15 -13 -19 -7 5 
20 16 -14 20 19 0 -11 7 -20 12 -3 14 -13 8 -7 -16 1 -18 -1 3 -2 13 -5 12 -20 -1 1 10 16 8 
-8 -1 -14 11 0 -12 -10 -18 17 17 15 8 -17 0 6 -17 -11 -1 6 -19 -6 19 1 8 -19 17 16 14 19 5 
-1 -2 2 -7 -5 16 -4 -11 6 -5 -1 -19 9 -12 -11 -2 15 5 4 10 -7 16 -9 -19 9 -11 -16 -19 13 10 
-16 -4 -3 7 15 19 16 13 -15 -5 9 7 -2 19 9 9 -5 -4 2 1 20 -15 -1 -6 -13 6 -10 12 4 -15 
9 0 15 -2 12 20 0 -19 -14 19 18 7 -17 -14 8 18 -20 1 2 2 -20 -16 -12 0 9 0 -5 -20 11 8 
-13 12 -14 -15 0 4 3 2 -10 12 17 19 -10 -11 -14 7 -10 -16 -8 -2 -6 13 -3 16 16 8 11 2 -4 4 
11 -8 -13 14 -9 5 3 18 -20 12 5 -12 -17 0 -19 -7 -11 -6 20 -3 -4 1 -4 3 16 -3 7 -7 -7 7 
-18 -17 2 -7 10 7 12 -9 -8 15 3 11 -10 -8 -2 18 -15 4 -18 -17 -12 1 -8 9 -19 17 5 12 -19 17 
12 -1 -7 -10 -19 14 -15 -14 9 -2 0 9 -4 16 -5 19 -10 1 -9 -14 18 -12 18 14 -1 -9 -16 18 -4 1 
10 -3 -16 -10 18 -11 6 -18 14 1 -20 -1 13 -7 -8 -20 -8 2 -5 -8 -3 -3 4 -8 15 -9 -20 0 -8 0 
-17 -20 7 -18 -6 -7 -18 -12 18 20 14 9 9 12 -4 -11 -1 17 14 -16 5 -15 17 -5 -3 16 7 -5 -12 -15 
4 11 -7 17 -12 12 -19 0 10 -14 7 7 9 2 -2 0 20 16 -5 14 2 14 12 -11 -20 9 -6 0 14 -4 
-16 -20 11 16 -9 4 12 11 7 -12 -8 8 3 -11 -5 -19 -6 19 -13 -10 10 -17 -20 -15 -13 18 5 15 14 5 

delta=0.5
swaps=23
H(B)=0.543756
b1_norm=59.0678
time_ms=196.093


delta=0.75
swaps=96
H(B)=0.537187
b1_norm=59.0678
time_ms=465.575


delta=0.9
swaps=269
H(B)=0.565325
b1_norm=55.2992
time_ms=793.81


delta=0.95
swaps=365
H(B)=0.564107
b1_norm=49.051
time_ms=903.622


delta=0.99
swaps=444
H(B)=0.580446
b1_norm=55.2992
time_ms=1032.93


====================================
Matrix 19

-10 18 -18 9 19 -18 -8 4 -6 -14 -9 -13 7 13 11 17 7 -4 19 -16 17 16 -9 16 -13 15 -7 15 19 0 
4 -8 -3 -1 -16 -14 -12 -11 -15 2 -20 2 6 -8 -3 4 8 3 -17 -7 16 -17 -13 6 -11 6 -19 -14 -4 4 
-15 -8 -5 -17 -19 12 -10 -10 -6 14 -9 5 12 -4 8 -20 1 16 -14 -13 -8 4 -2 18 6 -14 16 -19 9 9 
18 -8 -17 -10 -16 8 6 13 9 -8 -2 11 -16 7 14 -14 -9 -15 10 -12 -6 -4 0 -1 5 -14 -14 2 7 -15 
3 -7 -4 -12 -3 -18 4 19 4 -12 -18 6 5 0 4 19 10 -18 -14 12 -13 3 4 17 18 -15 9 -3 -8 -16 
4 0 -13 11 9 20 -20 -11 14 -9 5 -9 -2 10 14 -13 11 -8 10 -1 14 3 -19 16 0 -8 -3 -17 6 -5 
-15 16 -12 -5 7 4 -20 -3 16 -9 -15 15 -4 10 18 17 -12 18 -20 1 18 14 2 -8 6 -4 17 -20 1 -2 
-12 -5 17 19 15 2 8 -12 0 15 -3 -20 10 5 4 -1 -15 2 -14 20 12 14 -9 6 5 -16 -20 15 -10 -2 
-6 -11 1 -10 7 3 15 17 -12 -12 16 5 7 5 -7 -1 10 11 10 -13 15 16 -8 18 -8 7 6 4 -10 -16 
1 4 20 17 -4 9 -10 -9 -6 -8 10 18 -1 -7 0 16 -10 -6 7 -1 4 -16 -16 14 13 -12 -15 -4 11 19 
7 -7 -2 6 -7 4 -4 -2 -18 7 10 -18 -13 4 13 -18 18 -14 -15 -3 19 -17 20 3 -17 -1 -11 10 17 17 
0 -2 19 12 -10 -15 7 -15 -8 20 -1 -6 1 -19 6 -6 0 -20 -12 -17 -6 -19 -6 -19 5 -19 -3 -2 19 -10 
20 11 4 -16 3 -16 -4 -8 8 -3 -8 8 5 -9 17 0 7 3 -9 -3 -11 -11 -8 -7 -19 -20 -11 8 -1 10 
11 -19 16 8 4 -17 20 -14 4 18 14 5 -14 14 15 -4 -20 4 13 -16 -1 3 10 7 13 -12 11 16 -5 20 
-3 0 12 -20 19 -18 -2 -1 15 -10 -15 8 -18 -10 -20 12 4 -3 -19 -13 9 -10 -8 -20 -18 15 -2 4 8 -16 
18 19 9 4 -7 4 3 -18 5 -15 -15 6 3 -4 18 -10 -2 -17 1 5 -18 10 -1 9 17 -14 -8 -12 3 -14 
20 -6 -2 -13 18 10 6 20 -2 19 -3 7 6 -13 -4 1 18 -13 -11 -12 4 -18 13 -12 11 17 4 -5 0 13 
20 5 12 19 -14 20 7 9 -6 -5 -19 -6 -7 9 6 5 13 3 -15 6 16 -5 -4 14 5 2 15 4 -5 7 
7 11 8 8 -18 19 -2 -17 -3 11 2 -11 -15 0 -4 -15 -14 -17 -19 -2 12 -2 -8 11 20 6 -2 20 -8 10 
-11 -12 20 -17 9 12 16 -3 -1 -6 9 -16 -6 6 20 17 13 20 -2 7 18 12 7 8 17 19 13 15 -9 -16 
-6 1 7 -14 15 10 1 12 -14 10 -4 -19 -19 8 -3 1 -11 -4 19 -6 -14 17 10 -3 -1 -7 7 20 0 -7 
-18 -6 -13 1 -11 7 4 -14 -11 -2 -12 2 16 10 11 17 4 1 6 18 19 -8 11 12 -6 -9 -13 6 -7 0 
-10 -3 -3 3 -11 -6 12 -8 1 -11 -4 5 -18 -11 13 8 -7 -1 18 -14 2 -20 8 -9 -11 6 17 18 11 -16 
-11 2 19 0 -16 10 -10 -16 -20 1 0 12 -16 5 -15 -19 7 13 -15 -10 -15 17 14 5 2 14 4 -10 0 -18 
-15 1 -8 -10 16 1 -12 -9 19 0 -6 -8 15 -18 0 -11 3 -5 -20 5 2 -10 -3 -13 19 11 20 -9 20 -12 
2 -6 1 5 -13 19 7 -5 -19 -12 -20 4 19 4 -7 17 -7 13 0 -10 -4 2 -12 3 -9 4 -9 -11 -19 15 
0 3 -12 13 -9 3 11 0 13 14 -1 -7 -6 -9 3 0 -17 -17 12 3 13 -9 -3 -14 2 9 4 -15 16 -15 
-4 -13 -3 -12 -19 -9 -11 -15 12 18 -15 -9 -5 -16 -9 -8 3 -6 2 2 -7 5 -1 20 18 14 17 20 -5 1 
-3 6 0 -13 10 -18 -2 5 15 15 15 -15 -17 -5 -15 -11 -18 0 3 -9 3 15 2 20 -11 -11 -12 -2 6 19 
18 4 -14 4 -12 2 -6 7 17 -17 -10 15 15 10 -12 6 14 5 -18 -4 1 -6 -16 11 17 -8 -2 13 -9 -3 

delta=0.5
swaps=11
H(B)=0.580054
b1_norm=72.7805
time_ms=83.6519


delta=0.75
swaps=86
H(B)=0.558426
b1_norm=58.9237
time_ms=290.038


delta=0.9
swaps=302
H(B)=0.599003
b1_norm=55.3895
time_ms=658.067


delta=0.95
swaps=362
H(B)=0.584957
b1_norm=57.3062
time_ms=711.582


delta=0.99
swaps=400
H(B)=0.594343
b1_norm=55.3805
time_ms=769.088


====================================
Matrix 20

2 -9 5 -17 -3 -2 -12 6 11 10 -12 -20 -2 2 7 10 0 -9 13 -5 -17 -16 -19 -11 20 -14 20 -5 5 -3 
18 11 4 -15 -2 -5 -12 19 -9 9 -12 8 9 8 -7 -11 -1 16 -2 5 0 -6 -6 -6 18 12 2 -10 19 -18 
2 -8 -20 5 -6 -13 6 0 -8 -13 2 -5 9 19 -3 -4 -1 -12 20 7 2 16 -3 -13 2 -20 9 -7 17 -5 
16 -1 7 -16 17 17 -13 16 -5 -14 8 0 -13 -12 -1 12 14 10 14 20 10 3 -13 1 13 6 -10 -17 -11 -16 
-9 4 17 -15 -14 -7 -19 6 -15 17 0 10 -9 20 5 17 11 -2 -6 -17 10 1 2 0 -2 -20 19 -20 -2 -5 
-2 -5 5 -3 20 -13 14 -1 10 11 -8 -16 11 16 6 13 -12 -3 20 15 10 3 -3 15 -9 18 11 -10 -13 18 
1 -17 -17 1 18 -11 -7 0 -7 -20 -16 2 -17 -5 11 -13 -15 -11 18 -3 15 0 5 -4 8 -3 12 11 9 16 
6 -9 2 3 -15 13 14 10 -12 8 -3 12 11 5 4 1 -8 -13 -19 1 4 -16 18 -20 8 18 15 -16 -13 6 
16 7 -2 -2 -16 16 19 20 5 8 -4 7 -10 -7 7 -3 -4 -18 -4 -6 -11 -9 -10 -13 8 8 3 -19 -19 -12 
20 -2 14 9 4 19 -12 -3 17 -8 15 3 -14 -16 -18 11 0 7 1 -20 -11 -10 -17 -1 -19 19 20 -18 -5 -18 
6 -15 -19 4 9 17 -17 -8 -1 -12 -4 0 3 7 -5 10 19 -7 3 -17 -4 5 -11 16 -13 7 -2 10 18 -9 
13 -13 -6 6 3 -8 -9 1 -12 -6 10 10 -16 -13 -15 -8 2 13 -1 11 -6 -5 -10 0 -20 -19 18 2 -6 8 
19 6 -10 10 4 -19 7 17 -11 -19 11 -9 17 11 18 20 3 7 -2 -2 -18 0 9 9 8 -14 7 1 -15 -14 
-5 -3 13 -14 4 2 -6 20 -8 6 -11 18 -6 -18 -3 -8 17 7 11 7 -3 -19 -15 4 14 16 10 -13 13 -3 
18 1 15 9 -13 -12 16 5 0 3 9 18 13 20 16 -10 -18 -3 -9 8 -20 5 9 14 -20 15 16 -18 -16 -20 
4 -7 17 0 0 9 -10 16 -9 -18 16 11 11 -17 12 -4 -1 -3 -3 -19 -1 9 2 18 -2 -14 10 6 -3 -3 
17 18 -11 -19 14 13 7 -20 -4 12 20 4 1 9 -15 -7 14 2 -19 -7 6 19 -17 20 16 -10 -20 -13 11 0 
1 20 18 -2 -5 1 -9 13 18 -12 18 -1 15 -17 1 5 9 2 -4 -14 -10 20 4 -13 6 10 -13 -13 -14 1 
-4 -16 7 0 -20 20 -16 18 -8 3 8 7 6 -16 5 -7 -3 -8 0 14 8 -12 11 20 -13 -20 -4 -4 -11 20 
4 -16 -11 -6 14 19 -2 -9 -8 20 -18 19 20 -10 9 11 16 -13 16 -8 16 -15 13 15 -16 18 -2 -17 -8 0 
-20 -10 -16 5 2 -1 3 18 11 1 6 -15 -13 -7 -14 14 1 -15 12 17 -12 13 -7 8 2 2 15 -5 14 -8 
-1 17 15 -12 3 1 17 0 -6 9 -4 20 -19 2 -13 -8 3 -5 2 -9 18 1 -6 -4 -20 5 17 18 2 0 
2 -1 -4 12 -3 -10 -13 18 2 4 11 13 -20 10 14 -6 6 18 -7 -14 13 17 -17 1 12 5 -10 10 -9 9 
13 7 -12 10 -19 14 11 14 -5 -8 12 11 19 0 -13 -6 2 14 8 -14 -14 -14 5 0 7 -2 -1 -13 10 -15 
-9 3 -19 18 -9 11 15 5 3 -9 16 -18 10 -20 -19 -13 -9 3 12 7 2 17 13 -5 18 -20 -12 -15 14 15 
15 20 0 -12 9 -12 -11 11 -6 12 -6 -12 -9 -1 -3 17 11 16 -20 -11 -3 -16 0 -20 1 12 -10 -17 7 -16 
14 -17 9 0 19 -20 6 7 13 7 -8 -19 0 -14 11 1 15 12 -3 4 -7 -7 -10 9 -4 -17 5 -4 19 17 
-17 18 -1 19 -15 -17 19 -7 -5 9 0 -12 17 1 10 20 20 13 14 -14 -12 16 4 -18 -18 14 -16 -3 6 -18 
9 -2 11 -13 -20 -1 3 0 -13 19 13 -15 -2 -4 3 -19 17 0 -13 -13 -20 -8 -4 8 -1 -1 -9 3 -16 -4 
7 3 -10 13 9 19 -2 -15 -6 -13 19 19 4 -12 4 -16 -4 -6 -14 5 -3 13 -3 10 14 19 11 7 -3 3 

delta=0.5
swaps=15
H(B)=0.562534
b1_norm=62.2174
time_ms=126.949


delta=0.75
swaps=48
H(B)=0.561416
b1_norm=62.2174
time_ms=295.278


delta=0.9
swaps=140
H(B)=0.573815
b1_norm=62.2174
time_ms=361.908


delta=0.95
swaps=190
H(B)=0.578479
b1_norm=57.8187
time_ms=492.409


delta=0.99
swaps=362
H(B)=0.590647
b1_norm=50.8822
time_ms=829.736


====================================
Matrix 21

-1 4 16 9 9 -10 13 6 13 -13 5 19 19 11 11 4 -1 10 -11 -16 -5 20 -17 -10 -7 -13 -3 -10 20 -18 
18 -6 -9 1 10 -5 -15 19 16 -17 -8 2 15 19 -17 19 10 -3 14 -14 15 15 16 10 -1 17 -5 -2 11 2 
-15 -18 -12 5 0 -16 -9 8 -16 -1 -12 0 -14 2 14 0 15 18 -15 20 9 11 20 18 8 -2 -14 15 11 7 
-12 5 5 13 -2 11 -2 19 -1 -1 -11 -18 -5 13 7 -8 -19 13 -4 -17 4 13 -12 -20 -15 -10 20 -18 10 8 
-6 1 16 3 -9 1 0 -12 -6 4 13 16 8 15 -18 -19 16 11 20 -10 14 16 2 5 -20 -13 -10 -2 -3 -9 
13 9 3 -18 10 13 -12 14 14 -6 0 -16 -5 -14 -19 18 2 -15 -11 17 13 -11 -14 -16 -20 14 -10 -13 14 3 
-4 17 10 2 -13 -9 16 -6 -10 -9 -17 20 16 -20 -5 5 -8 -17 10 -16 19 5 -1 2 -15 15 5 12 15 -20 
4 5 -14 3 17 19 -17 -5 -16 -16 12 -12 2 1 1 10 -14 -3 -14 3 7 -18 -8 19 -1 16 1 -3 1 0 
17 -3 6 11 17 6 -4 -1 -10 20 -7 15 11 -3 17 -20 -5 17 -17 -14 6 17 -9 -20 -10 20 7 13 6 -12 
-17 12 4 -9 -3 -8 -2 12 19 -5 -16 19 9 20 2 13 8 -11 1 -13 10 -14 17 -19 14 20 8 9 0 16 
-20 -13 -16 12 -9 4 17 4 -20 17 -11 16 -19 -15 0 18 13 -15 -16 16 -2 14 -10 -13 12 17 19 -5 12 12 
12 1 7 -2 7 -19 18 6 -10 4 10 2 -13 -16 15 11 -18 8 -13 -13 15 -13 -10 -4 -7 -12 12 -13 6 4 
6 19 14 4 8 4 -1 0 14 -15 -11 -14 19 -3 18 5 -16 0 -18 -13 -8 -15 14 2 -17 -1 6 -17 5 -19 
-20 -9 -7 -6 -1 -20 -12 15 0 -17 -6 15 -8 -6 3 -13 10 1 19 -2 17 -12 6 20 -18 4 -15 -7 -9 -9 
1 5 -1 16 2 -15 -16 14 -19 7 0 7 -15 0 16 0 -15 -20 16 -15 -11 -10 18 18 -1 -12 -7 -4 4 -17 
-11 -18 -5 -9 -8 -3 2 20 -16 11 -14 -18 12 19 14 7 17 -5 -18 15 -3 -5 15 15 -8 16 -3 17 -18 20 
15 -7 -15 -3 3 15 13 17 -4 -18 6 2 -16 10 9 4 13 -3 -15 0 18 11 -16 -12 -17 0 9 -11 12 2 
-15 15 -15 16 -5 17 -10 -2 19 3 5 14 -1 10 2 -13 -15 19 3 10 -11 17 11 -6 -4 -1 -16 -6 -13 5 
-6 -20 -5 -3 -20 14 -20 18 12 18 13 -1 16 14 12 -1 -15 -5 19 -14 -15 15 -12 13 -8 2 0 -15 -18 15 
-13 -20 19 4 -20 -15 -15 -20 -1 17 -6 -3 -4 11 -8 18 -18 7 3 5 13 -8 -2 -1 0 -11 6 19 -11 1 
20 13 6 -3 -10 -4 14 -13 -3 -14 -2 -18 -13 15 -16 12 13 -13 -12 -5 17 16 -18 6 15 2 -6 -7 8 -5 
9 -11 -7 0 -18 -8 1 15 -19 -2 19 3 5 -14 0 18 7 20 14 -8 13 2 -14 -7 -9 14 17 -11 -6 -14 
6 -9 -14 14 -20 12 -9 -20 7 6 19 -13 -3 9 -12 7 -7 -7 3 -5 -13 2 4 -5 -14 5 15 12 6 -2 
-19 -4 11 4 7 -5 6 -7 5 -5 -19 16 -19 11 -2 -19 -5 12 -16 -9 0 -19 18 -9 -19 5 -4 0 -15 12 
2 0 19 9 5 -7 8 13 1 10 6 -8 -9 -10 -14 -13 9 14 -5 7 -17 -17 7 8 -3 -4 7 18 8 -17 
0 -18 5 11 -1 -7 -6 3 -13 16 3 -16 -2 5 -7 -14 -1 5 5 14 -8 9 7 -9 10 -18 13 -2 -10 -17 
-18 19 -9 -6 -20 -9 5 -10 7 20 4 14 8 -14 18 -2 -10 -11 -15 17 -19 -14 9 11 20 -8 11 15 -20 5 
-14 9 -2 5 6 -16 15 -7 14 -9 1 16 -4 10 -14 0 -14 -11 2 -3 -13 17 -15 7 -1 12 20 -14 13 -14 
17 -1 -4 5 -3 12 -9 -11 -5 -16 -19 -13 -20 11 -20 -12 -11 17 -17 -11 -11 -6 13 6 3 11 3 15 -10 -16 
4 -2 -8 -3 -7 -9 12 15 -16 -20 -6 -3 17 8 -14 -7 3 -16 -19 -14 17 16 2 -15 14 14 16 3 -3 1 

delta=0.5
swaps=25
H(B)=0.560954
b1_norm=66.5282
time_ms=141.609


delta=0.75
swaps=95
H(B)=0.567397
b1_norm=66.5282
time_ms=323.391


delta=0.9
swaps=277
H(B)=0.581929
b1_norm=55.109
time_ms=565.282


delta=0.95
swaps=348
H(B)=0.586885
b1_norm=55.109
time_ms=727.505


delta=0.99
swaps=412
H(B)=0.58673
b1_norm=55.109
time_ms=1060.22


====================================
Matrix 22

18 6 19 -9 -4 0 -9 -19 -3 14 20 -17 19 -3 -10 -11 6 -6 19 -19 11 16 -4 -8 -20 10 15 -15 2 7 
-2 9 -8 5 0 -15 -19 19 12 4 -5 12 -13 17 2 -10 5 17 -15 14 10 10 -2 14 3 9 -9 13 18 13 
20 17 18 -16 0 16 -16 19 0 -6 16 -10 14 -13 2 12 4 -12 -14 20 5 -13 -13 -10 -16 -15 3 17 2 10 
18 -8 -12 -1 -19 9 -13 3 20 6 -3 4 5 18 -5 18 19 8 -7 4 0 -18 -1 7 -8 -6 8 -15 20 10 
5 0 4 9 17 6 17 0 17 13 9 7 -7 -4 -5 -15 -2 10 3 -3 -17 15 18 -2 -12 3 14 -20 -6 -7 
8 -16 3 13 -14 16 0 -19 4 5 8 -7 -11 -14 -6 7 -19 -6 -16 5 16 -8 -15 -17 14 20 -14 12 6 -6 
14 4 10 10 -13 -7 -5 -11 11 9 8 2 2 1 7 6 0 11 11 12 -14 -4 13 -6 8 -11 17 -3 3 -15 
1 13 4 -18 -10 -5 -2 -6 14 5 -15 6 16 1 7 -11 -20 -16 -3 -1 -7 -13 -7 6 -19 3 3 -16 -10 -15 
4 -18 6 7 -13 8 5 -9 -2 -7 -20 -5 -8 3 -12 -19 17 -14 -9 -14 -19 -8 -14 8 -15 -12 -14 -4 -20 1 
-18 -6 15 14 2 -19 -16 16 12 6 -13 0 2 -18 -2 -19 -18 -19 5 -2 -12 -17 -20 9 -10 -13 -18 1 -1 0 
16 3 20 7 10 16 -3 -6 -8 -20 -19 -19 -7 -18 -3 -12 2 -20 -16 -5 3 2 10 -15 15 16 10 -3 -16 -12 
-11 5 -4 11 -12 -5 14 0 7 3 10 -15 -17 -14 1 18 -6 -6 -5 20 -14 -4 7 -10 17 -1 -9 -13 -5 6 
-4 15 -17 2 -1 7 18 -9 -2 6 -8 19 6 2 12 3 14 9 -15 17 13 3 7 -17 14 10 -5 -8 -7 12 
19 15 -10 11 4 8 -20 16 -18 2 14 -7 19 -18 8 19 6 14 -10 6 -7 -17 14 17 -17 -10 -14 -11 -9 -11 
5 -14 -20 13 19 5 9 -3 16 16 16 -13 -10 16 19 -19 -20 -17 -20 13 -9 -7 16 10 -15 -20 -7 -9 13 17 
-16 4 -13 -10 -18 15 17 -4 -5 1 15 -8 -19 -3 13 4 11 -17 -1 -4 18 -2 -12 -5 2 15 -4 20 18 -1 
-5 -3 17 -14 11 -4 8 19 -19 10 -13 11 16 13 -20 -12 -13 0 -2 19 -12 -15 18 2 7 4 17 -13 20 11 
19 -6 -4 17 -6 -2 -16 -8 -1 -4 -18 -6 -3 -4 4 8 -5 -7 17 3 16 5 7 -3 -1 -7 -19 1 14 19 
4 13 7 -3 -7 -11 -16 15 17 -20 -1 -14 -6 14 12 -3 -15 0 16 -13 -19 -4 5 7 -3 7 -20 -18 8 -19 
-12 -13 9 0 -3 1 -4 -6 -15 -5 -3 -5 -19 8 -20 -2 15 -16 0 8 14 -15 -3 14 -8 4 10 12 -12 5 
1 -4 -20 -7 -17 -11 4 -5 -20 0 12 5 16 -3 -15 13 -5 13 -13 4 9 -4 0 7 17 12 -8 18 -9 4 
-2 18 7 16 -19 -16 -17 20 12 10 -8 -7 -13 4 -7 4 -7 2 -5 18 7 -2 -15 11 7 -10 2 2 9 1 
9 13 2 -2 -11 2 4 3 17 1 -14 7 -5 14 -11 10 -8 11 -10 -17 11 -20 -1 -1 12 7 19 -1 12 -15 
-3 -7 -18 -7 -11 -10 11 -13 -5 -1 -20 11 9 14 -4 16 -5 1 -4 -15 1 6 14 -8 15 18 -16 -19 8 11 
1 20 -1 9 5 -7 -15 -16 -12 -14 3 3 -19 -17 13 -8 19 6 -3 18 -1 13 6 -8 3 11 -9 15 1 -8 
2 -2 14 9 12 -10 -17 8 -13 9 2 7 13 14 2 8 -16 -15 16 17 -5 19 6 15 -13 6 10 2 3 8 
16 -6 -2 -18 -18 -11 -10 -9 -20 -18 4 -5 -15 14 -3 -13 -13 8 -10 -15 -2 8 -4 -13 -14 13 -19 20 -12 -14 
-17 18 16 -14 -4 -12 -5 15 9 8 -6 4 -4 7 -5 10 12 12 -3 19 -4 11 12 -1 -3 19 -8 -4 5 -7 
4 -20 5 18 12 4 5 -15 0 2 -14 -11 16 20 -14 -10 18 -20 -6 19 -16 0 -5 -7 -13 -17 2 -12 0 -11 
13 -2 20 19 -12 10 7 18 -5 10 -13 -8 17 3 -5 -14 -13 0 -3 15 -6 18 -2 -16 13 -12 17 19 -8 -14 

delta=0.5
swaps=11
H(B)=0.524207
b1_norm=70.7036
time_ms=149.046


delta=0.75
swaps=102
H(B)=0.54065
b1_norm=70.7036
time_ms=346.316


delta=0.9
swaps=265
H(B)=0.559964
b1_norm=51.5364
time_ms=722.84


delta=0.95
swaps=281
H(B)=0.555908
b1_norm=51.5364
time_ms=796.109


delta=0.99
swaps=443
H(B)=0.573806
b1_norm=51.5364
time_ms=1026.31


====================================
Matrix 23

-10 13 -1 9 15 1 1 14 -13 -1 15 10 7 6 11 8 19 -20 -10 -16 14 19 -1 4 -15 -2 -14 1 3 9 
-3 -7 4 -9 11 12 -15 -8 -17 -7 4 14 -15 1 -5 -20 -7 8 -15 -3 -7 -20 6 8 -17 -5 -18 -1 15 -13 
1 12 -11 -16 18 13 -4 -6 -5 13 -13 1 -16 -2 18 12 20 -2 20 -1 -14 -11 -15 -17 -17 4 3 -4 9 -16 
-2 4 5 20 -14 3 -14 -19 8 -17 -3 5 14 15 14 2 -6 15 -11 4 14 -4 -10 7 -4 -11 -5 2 -5 0 
-12 3 10 4 4 -6 -2 -9 -15 -17 0 -16 12 18 -4 -8 18 -1 -19 -20 10 -8 6 -20 -11 -15 -4 -1 3 -8 
15 18 4 12 15 -20 15 4 16 -7 5 -3 19 13 9 -10 -17 12 -16 -17 6 1 6 8 19 -17 -11 20 8 2 
5 20 -20 -8 -3 3 -1 -15 -12 14 13 19 -10 -8 18 -16 -3 -6 8 16 -17 1 6 12 13 -17 5 9 -13 4 
-12 -19 -1 -19 8 7 7 9 10 -18 -6 -10 4 -14 11 15 -2 -5 -20 -1 -3 -13 -14 1 6 1 -18 11 4 4 
-5 15 -2 -12 17 17 -12 16 12 4 12 -6 17 6 -14 -17 -18 -3 20 14 10 6 -19 -20 -10 3 13 -3 19 -8 
1 -13 -20 1 -2 -20 -8 17 -16 -12 -15 2 19 -12 -17 15 7 0 5 16 19 -4 3 3 -20 -13 8 17 -15 -13 
11 0 -4 8 20 14 -5 -17 -16 20 12 6 -15 15 -7 -17 3 -10 19 6 -5 -16 15 8 10 -18 12 -17 6 1 
-12 -3 -5 7 3 -11 -11 -12 14 14 -9 14 9 -8 -19 11 -11 4 -18 -7 13 -10 -20 -3 8 -5 -6 -3 19 2 
-18 12 -15 -5 -16 15 8 -13 -6 -20 -15 2 3 5 13 -5 -3 -4 -19 -11 1 18 -7 14 20 2 11 -15 -12 1 
1 2 8 5 -1 -12 -19 -18 -7 -13 14 11 2 -14 -11 -10 -4 20 11 -14 6 7 7 -1 -17 1 -12 -13 -19 18 
-16 -16 17 -12 5 6 17 -7 -15 -11 10 -17 3 0 -18 7 18 -1 4 -1 -20 9 -13 -10 12 10 -1 11 16 7 
19 2 8 17 2 -8 9 4 -18 -20 -16 14 11 9 7 3 19 10 15 -2 -1 -11 9 10 -10 3 -8 -11 -18 17 
12 13 -16 -9 -8 10 9 -4 -17 -17 -19 -11 1 2 4 -20 -14 -5 1 -3 -2 11 9 -2 14 7 -19 -5 -10 -9 
18 11 -11 -9 3 -2 -12 -6 -8 20 5 -3 20 12 -11 -13 19 1 9 -1 -20 14 9 20 10 -10 15 -13 -15 -9 
-10 -19 -8 -19 -11 20 -7 -12 -6 -13 -12 16 -1 7 13 2 6 0 13 -14 12 17 -7 18 -15 -4 6 5 2 -1 
15 15 18 11 -1 -6 -6 -1 -13 16 -8 1 -13 -20 -12 -6 -20 12 -13 -2 -8 -20 7 -7 -9 12 1 -9 -11 -5 
9 0 -13 -7 -14 -6 -2 14 18 -8 -19 15 -6 16 -1 7 0 -10 6 11 16 11 18 11 18 15 -19 -14 16 6 
-11 -12 9 9 18 -8 13 -4 3 4 8 15 11 -12 8 -9 10 1 -9 20 9 2 5 -4 5 -4 -3 12 3 -8 
18 -18 15 12 6 10 4 -10 -15 14 18 3 -8 8 -10 6 -20 14 0 6 18 13 -9 9 13 6 -20 -9 -2 7 
-1 0 17 4 -20 12 -5 10 13 -2 -15 12 -3 5 -9 -15 -8 -7 -14 2 -14 -17 16 -9 7 -20 -17 -2 12 -6 
-7 20 3 14 20 -16 17 -10 2 -12 15 20 -1 0 17 10 -19 9 11 6 9 18 1 -4 -8 15 1 -5 -20 -5 
11 14 -4 9 -13 10 20 0 12 11 7 -15 -6 -15 -15 2 6 -2 -14 11 -1 -12 -6 -11 11 3 -6 11 -13 14 
-7 2 -5 18 -8 -16 -17 -20 -17 9 -4 16 12 -19 -8 -5 -19 1 -15 -11 -8 -6 -10 -3 8 -4 7 -2 -7 -20 
4 7 -7 -16 2 7 -4 -11 -16 -11 -17 -5 -19 -5 3 19 20 5 -10 -13 -17 20 -20 9 -3 -1 12 16 19 -7 
-18 18 -16 -8 -11 -19 6 9 15 -1 7 5 -12 14 11 11 -20 7 7 17 -8 -13 3 13 -18 20 -9 16 -2 -10 
12 -9 -1 17 1 -15 16 20 20 -7 15 11 18 -15 -11 -12 -8 -12 1 -5 3 7 8 8 5 2 -7 -16 -5 1 

delta=0.5
swaps=9
H(B)=0.578622
b1_norm=61.2046
time_ms=95.4188


delta=0.75
swaps=100
H(B)=0.572278
b1_norm=61.2046
time_ms=270.209


delta=0.9
swaps=173
H(B)=0.589215
b1_norm=56.2583
time_ms=466.838


delta=0.95
swaps=315
H(B)=0.601474
b1_norm=52.8961
time_ms=662.284


delta=0.99
swaps=348
H(B)=0.589914
b1_norm=52.8961
time_ms=735.636


====================================
Matrix 24

16 17 3 -18 19 -17 18 -8 -11 -18 7 -18 14 15 -12 -9 1 -18 -16 -19 18 7 14 -18 20 -20 1 14 4 -7 
-3 -20 6 -12 -4 -15 3 -9 14 15 6 3 -17 11 7 4 11 1 15 -7 -5 3 -8 0 4 -8 18 -5 16 -6 
13 -10 15 -12 3 -1 -10 -18 -7 -15 -7 -9 -3 -3 -20 -4 -17 -11 19 20 1 4 -6 16 -13 17 4 -5 13 2 
-3 -9 8 -18 -6 -1 -10 -20 -3 -3 -7 -18 15 16 6 20 2 -15 -11 17 6 8 -11 11 -7 13 -17 3 -3 -17 
16 -15 5 -13 15 -6 -9 6 19 15 -19 0 -8 -1 -8 12 4 15 -6 -18 -4 2 6 -14 7 11 20 16 -15 3 
17 -14 6 17 -18 20 3 17 17 5 -8 14 6 7 4 -14 -11 8 -11 -16 17 -20 -16 -5 -5 1 8 -18 4 -14 
-16 4 4 -8 15 -10 15 15 -19 -9 -9 -2 -2 -11 -19 -10 14 -3 -13 5 18 -5 -13 -11 9 -12 15 -2 19 7 
14 6 6 3 1 -9 5 -17 2 17 -18 1 -5 -9 -13 -16 9 -17 -9 18 10 9 -11 4 17 8 10 10 -10 10 
-2 17 -19 18 -13 3 -13 -6 0 -19 1 19 4 9 -12 -14 -20 20 -10 15 -9 -10 -15 18 4 -6 5 20 -2 -17 
15 7 -16 17 16 -13 -12 -1 -17 -18 -12 17 16 -20 -20 17 -14 -18 1 17 4 3 17 -1 -9 17 13 -1 13 16 
18 8 -10 -10 1 3 8 -12 -8 19 4 -8 20 -18 -17 7 -10 -18 9 19 -20 5 -20 10 -14 -11 -9 6 15 15 
6 9 -8 -13 -10 -18 -8 1 -14 11 5 -7 -7 19 -3 -15 -7 16 11 8 18 0 16 -1 -4 0 2 -15 -4 12 
11 -4 9 3 1 -17 6 -2 -9 11 -15 9 15 -6 -5 -3 -8 -12 10 8 -12 11 4 -8 -7 19 -1 -7 5 10 
13 -2 3 -17 4 -16 8 6 -12 14 6 -20 -12 -16 9 -7 -8 3 14 -10 -19 11 -15 13 2 1 17 -1 -5 -1 
7 3 -12 14 19 -3 0 10 -6 5 -4 -5 2 -7 -15 -4 -12 8 5 0 -12 8 -18 8 -11 2 -4 9 7 19 
-7 20 13 11 20 6 -10 16 -12 4 -10 -3 -19 0 1 -7 -13 0 8 16 16 10 -19 -7 3 10 -7 -2 -11 13 
6 -11 15 15 -9 9 -4 17 -4 13 -16 -10 12 -8 -5 17 12 1 13 -7 -13 -12 -4 -1 -9 3 2 -10 14 19 
12 14 12 12 16 14 -14 1 3 3 0 -20 9 13 12 -3 -19 4 -10 13 -11 11 0 -15 -14 16 -17 7 -5 6 
9 1 1 -20 1 10 -18 -1 13 18 14 0 -2 -8 -17 -8 -3 -8 -6 0 4 13 3 -7 3 -3 -9 -6 0 -5 
1 1 -15 -14 4 -14 -16 -5 7 6 15 -5 -19 -6 12 7 -9 19 -10 19 -7 6 -15 10 -6 -4 1 10 6 12 
16 -13 -13 -20 -8 -19 -8 14 4 3 3 14 1 -17 -12 -17 -7 7 6 -14 14 -1 -16 -15 -12 -20 -3 14 -10 -19 
-15 -12 -11 20 -7 14 11 18 2 -4 -12 20 10 10 -7 8 2 -11 0 -11 16 8 18 11 -16 6 14 3 -6 19 
16 4 11 14 19 -11 1 14 0 -19 -2 11 16 -7 3 6 11 -18 -11 -12 -5 -14 -5 -12 -18 3 -16 -7 0 16 
0 5 -8 1 -14 -17 20 -5 16 -9 11 14 -2 3 5 10 12 17 1 1 -14 -5 0 -20 -6 15 -17 0 -19 3 
-9 -12 -11 -1 3 3 0 15 -18 8 18 8 7 -12 12 -12 4 -15 5 -12 9 14 7 -6 -3 2 -15 0 17 -10 
5 18 -14 0 0 5 -17 -15 7 -15 4 20 -14 18 -15 15 9 6 1 14 4 -7 3 -10 -16 -8 18 -17 -5 -4 
8 8 14 1 -6 8 -16 -7 1 -5 -14 -1 0 -12 -17 -2 -14 1 -1 -16 11 -10 -14 -8 -19 0 2 3 1 13 
12 15 15 16 -14 6 17 -10 -7 -5 -10 -16 2 -14 -16 17 16 9 -3 -7 3 -13 -19 13 7 14 9 -6 14 -4 
-13 0 -16 -5 8 -4 -7 16 -19 2 -2 12 -5 13 4 -12 -12 -8 -13 9 -13 9 4 9 12 11 -7 16 5 17 
-12 5 -20 -17 1 -11 -20 -15 -5 -10 -3 -11 10 -8 -10 -1 20 14 -18 0 -5 -13 3 16 17 8 -14 16 13 10 

delta=0.5
swaps=12
H(B)=0.592299
b1_norm=55.4617
time_ms=92.6472


delta=0.75
swaps=96
H(B)=0.590866
b1_norm=55.4617
time_ms=207.495


delta=0.9
swaps=175
H(B)=0.611873
b1_norm=51.5946
time_ms=392.817


delta=0.95
swaps=266
H(B)=0.601401
b1_norm=51.5946
time_ms=523.627


delta=0.99
swaps=306
H(B)=0.606471
b1_norm=51.5946
time_ms=540.392


====================================
Matrix 25

9 -2 13 -11 -10 2 -13 9 -14 4 1 14 -18 18 -4 -7 4 8 -20 19 9 16 1 -20 -11 -2 -1 3 -2 16 
-18 3 15 -11 5 -7 -20 -4 -18 -11 8 0 -3 -5 -10 13 14 -18 -2 -20 18 6 2 10 -15 18 -20 20 -19 13 
3 4 -1 2 -9 1 -17 -13 -9 -14 2 -10 16 9 -5 9 -9 -6 6 8 -9 10 5 -1 3 18 -5 11 6 -14 
-8 7 4 16 10 13 -18 -9 -17 -2 -2 8 2 12 4 -16 -4 -1 18 -8 5 15 12 -19 -18 -16 12 -8 12 3 
17 -6 2 18 -10 -11 -1 -2 -16 14 2 15 11 -3 -5 -18 20 -8 8 13 -19 1 0 3 10 9 20 14 -15 7 
-8 14 -1 -14 4 -2 -14 17 19 13 19 -13 0 17 1 13 -16 -14 9 2 -13 -6 -13 11 -9 1 7 -19 -3 6 
20 -20 -15 -12 8 12 12 17 11 10 7 2 15 5 16 -12 -18 -4 -8 6 13 -10 -12 -16 -5 2 -14 -19 15 11 
0 -16 0 9 -13 0 -10 -19 19 -8 -14 -12 5 -4 12 5 -11 -15 -1 -6 15 -19 16 -20 3 19 6 16 10 -5 
-8 16 11 -2 1 -1 -5 19 -5 4 -17 7 -4 -7 -11 -8 0 12 -6 -8 10 20 17 -3 10 2 -7 4 -2 2 
7 1 -10 -17 -19 -5 14 -12 1 12 0 -10 -14 2 -14 18 4 -17 -13 -14 -15 -11 11 -4 0 -12 0 16 5 16 
4 19 8 2 -14 6 -18 -2 -14 -9 -18 -18 -2 -16 -12 16 -6 17 15 -18 17 5 3 -17 0 -16 0 9 -10 0 
7 0 -20 -8 0 -19 20 -4 19 -1 -3 -15 3 5 -9 -18 -20 18 8 15 -13 -16 -9 1 16 -19 -16 13 -3 4 
-13 -15 -8 8 19 -1 10 -16 -2 6 13 1 -10 -1 5 -15 -10 -3 -7 17 -15 -1 6 8 -4 -1 16 6 -7 13 
11 10 -16 -16 2 14 -13 20 10 0 -10 19 -14 -1 -8 15 5 -15 11 -20 -19 -6 8 -11 -10 18 8 -7 17 10 
0 -12 12 -17 -1 19 -3 20 2 10 20 4 -19 13 7 16 6 6 -8 20 13 1 15 3 -9 5 -14 1 3 -13 
-11 14 18 -1 10 -10 5 2 16 -3 -9 -3 -1 -9 -10 -14 -17 11 9 -7 15 8 14 8 -18 -1 9 -6 17 -3 
-17 9 14 -17 -2 -1 -8 -9 4 -17 4 -13 13 -10 -18 20 -8 -7 -11 9 -16 -19 2 7 9 14 4 0 -8 -16 
-4 -19 -8 1 -20 -12 -4 -19 0 -16 4 -5 -4 -16 -6 -4 7 -6 -11 -18 11 -18 17 4 -20 12 -15 -5 -7 15 
16 -10 16 16 3 17 16 -4 16 -19 18 -17 19 15 18 3 19 -3 -17 -11 -3 4 15 -18 10 -14 -17 -10 -6 5 
6 -17 2 2 -18 12 3 -11 -6 1 -3 4 -14 19 -4 -11 14 -18 20 -2 -13 2 9 -13 16 17 9 19 11 -1 
8 -9 11 20 5 7 3 -11 -3 9 11 14 3 13 3 18 17 19 -19 -13 -17 14 1 14 -16 18 7 12 1 -18 
17 2 13 16 -4 10 20 -2 -6 20 -13 -10 19 -20 -19 -20 -16 13 -15 -13 20 5 -1 -5 -4 -17 -18 -3 -17 8 
-4 -18 15 0 6 -20 10 19 11 -20 7 -5 18 10 3 16 -12 -1 8 13 -8 -1 -9 -11 -11 3 -12 -19 -15 -18 
-8 15 -11 0 7 2 -17 -10 13 20 -13 15 10 -5 12 7 6 5 -10 2 -6 7 6 7 15 12 11 -4 -1 -17 
3 -1 6 -1 3 0 -13 11 16 -14 -4 -13 12 -19 17 4 -8 -19 15 -12 -2 20 15 -15 7 -15 -1 7 10 -19 
15 -19 5 -6 -16 18 10 -17 12 0 -5 11 0 19 -8 14 4 12 11 2 13 2 7 0 19 2 7 -9 6 15 
-3 -6 -7 -14 -10 -18 19 5 2 7 12 5 11 13 5 15 1 -14 10 1 -19 20 -14 2 13 -5 -20 -12 -1 -11 
-17 -1 16 -15 -6 13 -19 -18 -11 1 -4 -18 8 17 5 6 14 4 6 2 -20 -9 4 7 4 2 -19 11 -10 -8 
-16 4 18 20 0 -12 -11 -10 -5 11 14 -18 -1 -18 -12 19 -10 13 -19 -14 9 -9 1 5 -7 -14 -5 9 -2 -13 
-14 5 0 19 -13 -18 -3 -5 19 4 -10 -16 4 9 -6 6 6 12 -1 0 8 7 7 -19 -17 -2 4 10 -6 17 

delta=0.5
swaps=16
H(B)=0.64651
b1_norm=61.8466
time_ms=85.7762


delta=0.75
swaps=49
H(B)=0.63796
b1_norm=50.2892
time_ms=160.336


delta=0.9
swaps=147
H(B)=0.640871
b1_norm=50.2892
time_ms=274.72


delta=0.95
swaps=169
H(B)=0.64067
b1_norm=50.2892
time_ms=309.692


delta=0.99
swaps=197
H(B)=0.644031
b1_norm=50.2892
time_ms=341.892


====================================
Matrix 26

-6 11 -1 -6 16 11 -18 -2 -11 11 17 -19 13 19 19 6 19 3 -13 3 17 20 3 -3 8 8 4 -1 -7 -15 
-10 3 16 -1 7 -1 0 -8 -17 -3 -9 1 -11 -8 5 8 -6 -20 -20 11 0 1 -8 -17 -8 -16 -3 -8 13 2 
-1 -16 13 -10 9 0 -11 -17 -7 -8 10 -17 10 -11 -9 2 14 17 12 16 4 0 0 5 3 -20 17 -5 -8 18 
15 -4 10 -15 2 0 13 -6 17 -1 13 -17 5 4 -8 -9 10 -17 -5 19 15 4 -2 -18 -9 -11 19 1 18 5 
8 0 19 -15 17 15 13 -2 -13 -3 13 -1 13 -15 7 -6 -7 12 -6 6 -5 0 -20 -16 3 -19 11 10 -18 3 
19 3 11 -12 14 12 12 9 -18 10 -1 9 4 20 15 6 13 -8 3 1 -10 20 -2 16 7 -20 1 -20 16 -6 
7 8 -6 -1 -11 0 -6 -16 10 15 -3 -3 -18 -1 2 5 -2 7 15 4 20 -20 -16 3 17 -11 1 15 -18 16 
-12 -20 1 -8 1 -7 9 10 5 -8 -15 17 -12 0 18 3 -12 -20 -9 13 1 9 -12 7 17 -5 17 0 1 15 
-13 13 3 11 -8 -9 -16 -4 -3 4 -15 -8 6 14 13 11 -11 8 0 -19 7 -4 -10 -16 15 11 8 -4 8 13 
-3 11 20 -6 4 20 11 -1 16 5 0 -9 -16 10 10 -10 -15 4 7 4 17 -16 11 14 -20 -18 -3 1 13 8 
-4 8 4 -3 1 9 1 18 -18 5 -12 7 1 -12 9 6 18 14 12 -3 13 0 -8 -7 -16 -1 17 -12 -15 -19 
-6 -10 11 -19 11 1 -17 20 17 14 20 -13 -10 -12 10 0 -16 -11 8 -20 -11 -16 -5 15 7 20 9 -11 20 8 
13 6 -8 16 -6 20 13 -11 2 -3 2 10 16 -4 13 -5 -6 -19 -15 -19 -18 14 18 11 -9 -1 10 -16 -5 10 
7 -9 0 -18 -12 1 1 0 15 6 19 -19 -12 2 1 13 4 10 10 2 -2 -16 16 -15 7 13 -14 -1 6 9 
12 -12 4 -15 6 19 13 15 4 -8 16 -9 5 -11 20 -5 14 -10 0 5 2 -17 15 20 20 -6 -6 3 -17 5 
9 -6 16 -19 20 -17 -3 8 17 -19 -13 4 -2 16 -6 14 -6 2 5 -2 6 -15 7 8 14 -11 -20 -7 -10 19 
3 7 -1 -12 -20 -18 2 11 -13 -2 8 9 -10 -16 20 20 20 7 6 -17 2 -18 -4 -8 -12 -20 1 -10 -18 11 
-16 -8 -10 19 20 5 2 0 -10 -16 -13 -17 -2 7 9 7 11 -6 3 9 -12 -13 1 0 -10 -3 -8 20 -6 -17 
2 -1 -18 -1 -6 16 0 -15 -8 -1 19 -12 -17 8 -12 14 -3 -18 3 -17 9 -7 13 -14 12 16 13 -6 -10 1 
-18 -18 -5 -4 -8 -1 1 20 19 -14 -5 -18 11 18 6 -7 18 1 -11 -13 2 -4 19 17 8 -3 -15 12 -18 -13 
1 -19 -12 -19 17 16 -14 -7 -7 -9 -9 -6 -4 13 3 -4 9 19 -19 0 3 -3 18 -19 9 -11 -13 -17 16 13 
-12 20 -20 4 5 -7 -11 20 -19 17 -7 -4 3 17 -15 -19 14 -9 12 -15 14 4 -5 -18 -17 -7 -14 -8 8 3 
-6 5 -1 -1 -11 -13 -9 6 -1 -10 19 -19 -18 9 2 9 20 11 -10 20 -18 13 -3 -2 13 12 4 -13 -17 11 
20 0 -10 10 17 -7 -13 4 -15 20 -9 13 9 -6 -15 0 6 8 -16 -7 -16 -10 -5 -3 11 16 -15 -12 -14 15 
17 18 16 6 7 -12 -8 -1 7 -10 -2 1 2 3 -1 18 11 10 -7 20 -5 -5 7 -9 2 12 -17 0 -12 0 
8 -8 -20 -6 1 10 11 5 -14 -1 -3 -14 -19 6 9 16 -15 9 6 -11 -20 -9 -13 -4 -13 3 15 17 19 3 
13 -14 14 -16 11 14 -16 13 13 -1 14 -19 2 16 -3 -16 -8 -9 12 -19 -13 6 15 6 7 12 -13 7 10 9 
17 -20 15 0 17 14 -13 13 16 12 -12 4 15 0 17 18 3 -8 16 3 8 -14 -2 -9 17 -15 2 16 -5 3 
-20 -17 17 2 -3 -15 4 3 10 -7 5 -12 1 20 12 -1 4 11 -8 16 -3 2 4 11 -11 -20 0 20 -1 -6 
-6 20 3 -4 -6 -7 20 18 -16 -20 19 12 17 1 17 15 -19 -20 11 11 18 -17 -11 -7 18 7 -12 -10 5 -19 

delta=0.5
swaps=14
H(B)=0.590173
b1_norm=66.2722
time_ms=171.958


delta=0.75
swaps=60
H(B)=0.588933
b1_norm=54.8726
time_ms=201.837


delta=0.9
swaps=176
H(B)=0.594418
b1_norm=54.8726
time_ms=448.399


delta=0.95
swaps=221
H(B)=0.600467
b1_norm=54.8726
time_ms=505.333


delta=0.99
swaps=287
H(B)=0.592077
b1_norm=54.8726
time_ms=534.14


====================================
Matrix 27

-17 -3 11 20 -12 7 10 15 -13 17 11 14 16 20 -11 -16 18 20 17 0 19 -1 -8 -17 -7 -17 -15 1 -11 15 
20 6 13 -12 -13 -2 -16 -13 -11 1 -11 7 12 -8 19 -16 -3 -19 13 -20 -6 13 0 -19 2 17 -2 9 -13 -19 
14 -17 -11 19 16 -3 7 20 2 -12 -19 13 -20 18 -14 -16 1 -17 -16 19 3 17 17 -4 -17 1 16 -5 -5 5 
-9 -13 -18 -7 6 -9 -5 -14 3 0 -15 13 -10 -18 -20 3 -13 9 -19 -17 -13 8 2 0 19 17 -9 -3 2 -20 
-2 3 10 2 -15 -1 11 7 -7 4 20 -6 -1 10 -16 -1 19 -16 6 -13 2 14 -18 -9 13 15 20 -5 13 -6 
5 12 19 -4 -16 20 17 -17 -11 6 17 12 5 6 2 1 1 19 19 12 -17 2 0 10 -1 6 7 -19 13 10 
-5 -6 16 15 7 -4 17 17 18 -15 -13 -15 -3 -8 -12 15 15 -1 10 6 20 8 2 13 14 -15 10 -19 -8 -10 
20 -7 10 -16 18 -17 -1 13 18 19 0 -10 -10 -8 -15 12 -11 -16 19 9 19 20 8 15 16 -7 -7 8 16 -12 
-19 19 -1 -17 -18 -7 3 9 8 -18 1 11 -13 2 -8 0 -15 14 -6 -13 1 -19 5 8 20 16 -3 -4 0 -6 
-3 14 14 -11 -20 5 5 8 6 -1 2 13 -15 -5 -13 7 -5 7 14 -1 3 7 -17 -2 -9 -6 5 12 20 -7 
-10 -12 19 13 11 -18 19 10 9 -5 7 -4 -10 16 -16 6 6 16 6 -11 19 15 10 -8 6 -3 -3 2 -15 20 
-7 -8 19 -7 5 -9 1 19 6 18 -19 -5 -11 19 15 0 20 -15 -19 -3 11 -10 -6 -17 -17 -9 -12 -9 -20 18 
-8 1 19 -16 13 6 19 3 10 18 14 0 4 0 4 -3 14 14 -5 -18 9 -17 -6 -11 10 11 15 -4 -16 -13 
10 19 -9 1 17 13 -11 11 7 12 -15 1 5 1 -19 -7 -13 -4 8 14 -14 19 -4 -19 8 20 11 20 3 -1 
5 -8 13 -2 -17 -14 20 7 -17 -7 -17 3 12 -9 19 1 -5 -16 -19 -9 -12 -8 -17 -13 -16 -13 -18 9 13 12 
6 7 8 6 -7 -13 -14 20 -19 -2 5 -8 -4 9 -20 12 -17 -2 -5 2 20 4 -1 -18 -11 20 2 13 11 -13 
1 20 -5 20 6 -12 9 18 -14 -4 -17 9 -1 -14 5 16 -16 10 -11 -17 14 -15 1 8 -7 10 -14 10 -19 12 
-5 -6 15 15 13 17 -6 -11 -4 17 14 1 -7 12 8 -1 -16 -19 -10 -17 -9 -16 16 -12 12 -16 -19 -9 -4 20 
-9 19 1 18 -9 -2 -4 -5 -18 -4 -6 -15 7 2 -3 -6 -18 -20 -6 17 7 -20 4 -6 4 -4 -4 7 17 8 
12 4 2 -2 -7 -9 -19 -5 -2 -14 -13 -12 -19 -4 -13 17 -20 15 -4 19 12 -14 4 17 16 -13 15 18 -5 20 
13 19 19 -19 -12 13 16 -10 7 9 18 -14 -9 -10 20 -18 18 15 -16 7 6 -19 -10 1 -19 2 0 3 -19 4 
2 8 13 18 1 -5 -17 -11 -6 -12 2 -1 -4 -12 1 -14 -10 -13 8 12 -16 -18 -1 1 12 -8 -14 15 3 18 
14 -16 1 -16 17 17 4 -3 0 -20 17 13 4 4 17 -17 11 -13 -1 17 -10 -7 -2 19 0 -5 -12 -18 1 3 
-20 3 12 -19 7 19 12 -1 -14 -10 0 11 -11 19 6 7 4 16 -14 11 12 -5 6 10 8 11 10 -15 -20 3 
-9 14 3 0 20 -6 20 -16 3 -17 -2 -9 1 -18 17 -19 15 -9 -19 -1 11 -7 1 19 5 8 -8 -20 20 -9 
6 -5 3 6 -9 -19 10 12 5 3 17 13 -12 5 -3 19 -9 12 -12 16 -18 8 -18 -17 18 3 -10 12 14 -11 
3 -9 17 17 -14 16 9 -20 -9 -9 0 16 -14 -10 7 4 -8 -6 1 -20 19 0 -16 0 -18 13 -7 -2 -18 -5 
-3 -18 -1 16 -6 7 -19 20 -8 -19 4 12 -6 -17 -3 -4 19 2 -4 -1 -19 -17 -11 3 20 -20 -19 3 -9 -3 
9 -18 -3 -4 12 -8 -15 19 -20 -15 17 -5 19 11 -14 -15 12 1 20 -5 15 -17 -16 9 -4 18 -13 -11 11 -19 
10 0 -17 10 -17 18 -17 -5 -15 -15 -11 10 -6 -17 -15 -8 -15 -3 -9 -7 15 -9 10 -5 15 12 7 15 7 -10 

delta=0.5
swaps=39
H(B)=0.504541
b1_norm=76.046
time_ms=228.708


delta=0.75
swaps=144
H(B)=0.513727
b1_norm=76.046
time_ms=515.017


delta=0.9
swaps=385
H(B)=0.562146
b1_norm=55.4166
time_ms=1121.71


delta=0.95
swaps=550
H(B)=0.564478
b1_norm=49.4469
time_ms=1385.44


delta=0.99
swaps=778
H(B)=0.577888
b1_norm=49.4469
time_ms=1950.99


====================================
Matrix 28

-6 14 6 14 13 -17 -15 0 8 11 -12 -8 7 2 10 15 1 -20 5 20 -12 -9 -6 3 -18 -7 -9 17 3 -12 
2 5 -2 -12 -2 4 4 20 4 -18 -12 -12 13 -1 10 2 20 11 5 4 -8 16 10 3 12 5 -20 -8 -7 -6 
-15 5 12 20 -14 12 -19 11 -20 2 -17 -1 -15 6 10 -1 12 -14 10 7 -1 -18 -2 -13 2 -1 4 16 -15 17 
3 -11 -5 1 17 19 15 9 -16 10 -14 -13 5 20 -8 6 16 16 -4 -19 0 -4 -4 2 9 -10 5 -16 -9 -16 
19 14 4 13 -3 2 -2 3 -7 -19 9 14 7 7 -17 -7 -3 -15 2 -10 8 9 1 14 4 -7 2 9 -1 -1 
13 -12 12 -18 6 -8 -12 -10 6 18 -1 -12 15 -14 9 -11 -13 19 -20 -15 15 19 -15 -11 2 9 -1 4 10 4 
1 1 14 8 -17 -5 -14 18 12 -17 4 19 -3 -8 -15 8 19 16 6 17 -2 -12 3 5 -13 9 -15 0 16 6 
-13 -15 -5 7 -2 5 -2 19 -2 8 -2 -14 -4 16 11 15 -1 -2 -5 8 0 11 -14 -8 3 -6 -8 13 12 -1 
-14 -5 6 3 -18 -15 5 -8 -17 13 -5 16 -12 8 -10 9 -2 8 -17 -9 5 -20 -6 -20 18 14 7 13 -4 2 
-15 -12 -20 -12 -12 0 -9 -18 1 12 -5 -20 -10 11 -15 10 8 -14 13 -12 -3 18 -19 -6 -7 -4 3 10 6 19 
8 7 1 -13 -18 -1 4 -16 20 0 15 16 12 7 -14 -19 -5 1 -10 8 -15 -9 16 6 -14 5 0 16 -15 7 
13 -12 -10 3 -11 5 1 -8 -13 19 -9 -14 20 18 -2 -2 0 -11 -15 -2 -7 8 -3 19 9 -4 2 10 -15 -3 
-17 -3 -6 -14 14 7 12 -11 -10 -8 -19 -7 15 3 1 -20 4 20 -14 7 -4 6 9 -18 4 0 14 10 5 2 
18 -20 20 16 -12 2 9 16 17 20 -12 8 -11 9 -13 -10 1 13 -9 14 -5 -13 2 -17 -10 -11 19 -8 16 2 
-17 14 1 -2 8 2 -18 14 1 1 -17 2 20 8 9 -2 8 16 0 -7 19 0 -15 -7 20 -18 0 18 11 10 
4 1 -6 19 6 7 -8 -9 -17 12 12 13 -10 -8 20 -20 -8 -6 19 -7 1 10 11 5 17 -10 3 5 1 -19 
13 -17 -19 2 -2 -5 -12 -17 13 4 -19 16 -8 1 15 -1 -8 -15 -7 -1 -10 -6 -17 -19 11 4 12 -15 -5 19 
0 4 -16 6 10 -10 -16 10 7 -13 8 -18 -14 15 2 5 10 13 -18 -2 1 -18 18 -19 0 9 -14 13 0 16 
-10 17 18 -14 -8 -2 -20 14 4 1 4 10 -3 20 -7 3 19 9 -4 14 2 -15 19 15 7 -3 -20 6 13 -5 
10 -6 -9 2 17 -13 5 2 20 16 2 -15 13 9 -6 11 8 3 9 6 10 4 -19 11 -8 -9 -8 20 0 -8 
-13 13 -20 14 2 5 -14 5 -3 -6 -1 10 1 13 -4 0 -4 -18 8 -4 10 5 19 -1 4 4 -5 6 -19 -2 
-13 -9 -2 19 -11 12 -17 20 16 14 6 -4 -7 20 -17 -3 16 -8 20 -6 8 -18 0 -6 -14 -7 -20 -12 -9 14 
-3 0 3 7 -2 8 -10 -15 8 -16 2 11 15 12 4 4 16 -19 -20 -4 -8 -8 -10 1 10 6 -2 -15 -14 -4 
12 0 -15 5 -16 -14 -5 14 -4 -5 -17 13 -17 -4 14 0 18 -1 9 11 3 10 2 11 1 -13 -16 -9 -17 -5 
-9 -7 1 -18 0 0 -10 -8 -3 -9 11 10 -15 -2 -1 2 10 -5 10 -1 -6 -11 15 -15 10 1 -4 4 -18 10 
0 -20 19 -20 -14 -3 -15 -7 -12 8 -7 -19 19 15 -10 19 -18 19 17 -6 17 -19 -10 4 1 -18 4 2 -14 16 
11 1 -14 3 -16 -3 -10 -11 12 0 -18 12 2 5 20 -2 -19 -8 -16 -20 -14 -19 -7 -14 13 -19 -14 -7 -3 -20 
-14 16 -9 -1 3 -4 -11 11 -20 17 -11 -16 -2 17 -20 5 9 1 -12 -3 5 -5 12 1 9 -20 9 10 -6 -16 
-4 6 -13 13 -9 -2 1 -11 11 -13 -2 -7 17 -17 -18 -11 10 17 14 -5 -2 14 -1 -15 18 5 -20 5 14 16 
17 5 -2 -14 9 5 -19 -15 -10 -20 -18 7 15 -4 16 5 -11 -11 0 -15 -2 -20 -5 -6 -17 9 10 6 18 10 

delta=0.5
swaps=4
H(B)=0.619709
b1_norm=62.53
time_ms=61.5333


delta=0.75
swaps=78
H(B)=0.620609
b1_norm=62.53
time_ms=222.467


delta=0.9
swaps=131
H(B)=0.626038
b1_norm=52.1824
time_ms=300.881


delta=0.95
swaps=195
H(B)=0.627062
b1_norm=52.1824
time_ms=415.853


delta=0.99
swaps=250
H(B)=0.636128
b1_norm=50.5371
time_ms=613.814


====================================
Matrix 29

-15 1 2 9 5 -3 20 -18 -11 -16 9 -7 -1 -5 -2 0 4 17 1 -8 -7 -18 16 11 10 13 -16 -19 13 -6 
19 4 -19 -2 -1 -20 -10 9 19 -10 15 -4 4 19 13 -18 -20 -13 -7 -20 7 13 9 10 14 12 -5 17 -1 -3 
10 3 7 -13 10 4 -18 -11 15 16 -1 -7 -2 2 14 -6 2 20 -7 -10 8 -20 -13 -3 8 8 2 6 -8 -3 
18 2 -17 -11 -16 -10 11 10 19 17 18 5 -9 -8 18 20 15 -17 15 -9 6 -20 0 -14 5 -5 5 16 5 -4 
6 -16 5 -5 -11 6 4 7 -20 -13 -19 -15 -1 -14 -4 -4 6 -20 9 -17 -5 17 -18 10 -14 5 2 18 12 -14 
3 6 -15 13 -17 17 -12 -9 -1 5 -3 -2 2 -17 12 8 18 10 -11 -8 17 -15 -12 -7 -17 -20 0 -1 10 17 
12 10 -11 -16 -13 4 20 15 -17 19 5 -4 11 16 8 13 11 15 -10 0 -6 0 4 -19 -14 -10 12 -17 13 6 
7 15 19 14 3 -18 -10 9 -4 -12 -16 -20 5 5 19 9 3 -8 17 -12 19 -14 5 4 9 -20 -8 -2 -20 -9 
-5 11 14 -5 -11 -2 -16 -18 18 16 -3 -17 18 -13 -14 13 -4 4 -3 6 1 13 0 -19 -19 -17 7 -19 -2 -2 
7 2 -19 7 13 14 4 3 10 -20 -19 -9 -4 6 6 -20 7 6 10 -10 14 -6 -17 2 14 13 -3 -5 17 -15 
11 17 14 -10 4 -1 17 13 6 -6 2 17 0 -9 13 -20 -10 -7 16 -7 -10 -20 9 7 -12 -7 -12 -6 -15 -11 
-10 -10 1 -13 -19 2 4 19 -7 -15 -5 -17 12 6 19 10 -18 -10 15 -10 15 16 -9 -17 9 -17 20 -17 13 2 
-5 -6 -3 3 -7 2 7 17 -15 -16 12 12 -16 -5 9 -10 5 -11 17 -4 -18 -7 -16 -14 19 4 -19 17 17 -2 
9 -11 -8 -11 -1 0 0 14 11 -19 -17 3 17 -6 10 12 9 8 3 -2 -7 1 -5 -14 8 0 -10 8 -20 1 
16 15 0 -15 19 13 20 9 4 10 -15 -20 4 -1 -18 0 -1 -17 -17 1 5 -8 -14 -20 1 -19 16 -11 -20 11 
17 -7 3 4 -19 -5 6 -16 -2 -2 10 -15 -17 13 20 19 17 19 4 -17 -19 -9 -19 10 4 -11 8 19 9 17 
19 8 3 20 -16 8 -19 -19 19 5 4 19 4 -14 19 -7 -20 3 14 -1 -4 20 14 17 18 -4 -4 1 -9 15 
17 0 -8 -11 -20 -14 1 19 5 -20 -18 -13 9 14 7 11 2 20 -16 2 -10 20 15 -19 -20 -17 -9 -18 -1 -4 
-18 7 0 15 17 -14 16 -19 -7 -16 11 19 8 -5 -18 -4 2 -20 19 -3 -20 -7 -20 12 9 1 -3 -8 -9 0 
10 -11 -14 -10 -18 -20 9 15 13 -19 -14 -13 -17 -2 2 -4 -14 -8 17 0 9 19 1 18 7 -2 -3 9 12 3 
-14 -10 -7 -12 7 5 -4 9 -2 20 -20 18 -18 -14 13 -19 4 20 19 12 2 -12 5 -3 -3 -17 -4 -6 -2 -3 
-20 -16 -4 11 -3 -7 -16 14 -19 1 10 20 -16 7 -18 -8 -1 20 17 -15 -2 5 -3 11 8 13 -6 -19 7 -17 
2 10 1 -11 -7 2 17 18 -13 -11 8 3 6 -20 1 -11 -6 11 20 5 -12 8 -5 -20 16 15 -5 -14 12 -20 
-12 -4 -10 -12 20 15 -2 -18 19 10 -18 -7 -20 -7 3 5 4 15 17 -12 17 -18 13 8 -2 -12 -15 5 12 15 
11 4 15 11 -20 17 20 14 4 -1 -1 5 4 19 -11 17 -5 2 -20 10 -7 -18 18 19 4 19 -2 -17 18 12 
14 1 15 -6 -14 2 4 -16 17 2 13 1 -8 15 3 20 -6 -5 11 -7 -8 -11 -20 0 -16 -9 -18 -1 -12 -19 
18 -17 -20 -6 -14 17 2 5 5 10 18 -19 -16 -2 14 19 17 10 16 -7 -19 5 14 16 -9 19 -1 8 -12 -1 
-17 3 1 6 -10 8 -20 -8 6 16 -17 -20 14 -14 -7 -17 -18 20 13 -14 -13 17 16 1 13 -7 -9 7 13 -8 
-1 -9 -8 1 -5 6 -6 -15 10 11 20 -13 -1 -8 14 -9 6 -7 0 5 -19 -9 -9 -17 6 3 9 -12 -7 17 
-5 -4 5 -3 20 -10 5 18 -18 -4 20 -6 9 -8 -16 20 -1 12 -19 16 17 6 13 11 -6 13 -19 3 15 14 

delta=0.5
swaps=13
H(B)=0.546056
b1_norm=61.7819
time_ms=131.754


delta=0.75
swaps=76
H(B)=0.540878
b1_norm=61.7819
time_ms=352.892


delta=0.9
swaps=265
H(B)=0.571439
b1_norm=55.6327
time_ms=849.942


delta=0.95
swaps=244
H(B)=0.566151
b1_norm=55.6327
time_ms=742.857


delta=0.99
swaps=358
H(B)=0.561796
b1_norm=54.69
time_ms=972.71


====================================
Matrix 30

-1 -18 -11 -10 -14 -10 7 4 -18 3 -15 20 2 1 20 0 -6 -4 3 8 -11 -17 8 11 19 -11 14 15 0 6 
11 -4 -2 7 -17 -10 -18 -16 -4 20 -17 5 5 20 1 -14 -16 4 -14 16 3 -16 -3 -10 1 11 9 13 -1 -11 
14 13 17 -1 -2 -3 -8 11 7 4 -7 -4 19 -17 -15 -9 -11 -20 -5 14 15 18 -14 -18 0 -2 16 4 -3 -8 
3 -20 16 -9 -2 -4 16 9 15 -19 -1 10 -13 4 -5 -12 20 4 18 16 17 13 17 10 -17 -13 11 -17 3 -17 
17 -16 8 -13 10 -5 -3 18 -9 -19 16 20 19 5 -6 14 -10 12 2 -6 17 20 19 18 4 12 15 0 12 10 
-10 15 7 -18 -1 3 1 -3 5 -12 -15 -16 12 -8 -8 12 2 19 7 -4 9 -20 2 2 11 16 8 17 5 11 
14 -18 9 -1 -2 16 12 -11 14 -4 18 19 9 14 15 12 20 1 14 -4 3 -13 -15 8 -8 19 10 -14 11 14 
7 -11 -12 6 -4 -7 -14 12 -3 6 -8 8 5 18 -2 -5 -6 20 19 -13 1 -16 -8 -3 -6 12 -8 -7 16 15 
12 10 -19 -11 0 -15 13 1 -8 17 4 -4 -14 -3 12 -18 12 -3 2 -14 6 -20 8 -2 15 -5 17 -13 20 15 
8 15 -20 18 -4 11 17 2 -3 -17 15 -8 -16 -7 -7 17 5 -13 -13 2 -16 -4 3 7 -7 20 8 -7 -10 -15 
-10 0 -3 -19 -5 -19 16 -10 -12 2 12 -14 8 -14 -17 -4 11 -11 -7 -1 -20 -16 0 4 -4 -19 7 -1 10 10 
-8 -15 -13 -19 7 -14 4 4 12 6 -3 3 -4 -18 -16 -20 16 -4 -8 -5 -10 -7 -7 -5 16 -12 3 -9 -14 -6 
-9 3 -12 -9 11 9 -17 -7 -1 4 11 -18 -9 0 -16 8 -5 -9 10 -18 2 10 -2 9 -10 -13 20 9 -16 19 
15 -7 6 7 -6 5 -9 -1 8 3 8 -1 7 2 9 -6 -18 -20 -3 18 -19 2 16 1 -3 -9 3 -8 4 12 
-4 8 18 -4 -11 10 11 10 5 -6 -16 -8 -11 10 -7 -9 5 19 19 12 1 -9 -14 -13 19 -13 -1 14 8 0 
20 -11 -10 -17 3 -17 -5 15 -12 10 -15 14 -9 14 6 4 14 20 -18 10 8 16 -3 3 -8 7 20 16 1 7 
14 20 17 9 13 9 8 8 9 1 12 -13 -17 -6 -13 18 -17 1 17 11 15 4 16 -3 -10 -6 6 9 -7 -14 
5 14 18 13 -19 4 11 -4 14 -9 -12 -3 10 1 3 6 16 13 -1 6 -16 -17 15 20 6 3 10 15 -7 11 
4 18 -12 -11 12 -11 -15 -11 -6 4 6 4 1 -1 6 -13 -4 -5 -7 -9 7 -2 12 9 -13 12 20 -2 -19 16 
5 -11 18 -3 -17 4 -18 -1 15 20 19 8 -17 0 -10 16 19 -15 3 -13 19 18 2 -6 0 -5 -3 -12 -3 -1 
-7 -8 -18 -6 18 8 11 -15 10 13 -13 20 10 -16 -17 12 13 -8 -12 8 16 -13 15 0 12 13 8 -4 7 4 
14 -14 -16 3 17 -10 -16 -16 -17 -3 12 -8 17 -16 5 18 17 11 19 -19 9 -20 2 -5 9 11 -13 -13 -12 8 
6 20 -18 14 -6 9 18 -5 3 14 0 -19 -19 7 9 0 -9 -20 -12 -8 -4 12 19 18 -3 -4 3 17 19 -19 
9 18 7 18 -16 -2 18 20 16 10 -7 -4 10 -9 17 4 16 -2 19 -18 9 5 -18 -18 -16 -19 7 -10 17 -18 
10 19 -4 -13 -3 8 20 10 -15 -13 -3 -4 -13 14 9 9 10 -15 13 -11 20 6 1 5 6 -17 5 3 -8 19 
11 -16 -7 -4 5 12 -6 -14 10 -14 -11 -14 -10 10 -13 13 19 19 -14 -15 19 -8 10 -7 17 -13 4 15 -13 -3 
-3 -12 -13 -14 -4 16 -3 16 5 3 -19 -13 -20 1 2 9 -6 1 -6 -16 6 -13 1 -4 17 16 4 16 4 13 
4 2 -15 -1 -1 20 7 -13 13 -9 -13 5 18 17 -3 14 0 14 -1 -7 -18 -8 0 -14 -5 18 -6 -3 7 4 
-7 -7 0 -18 -12 -8 -4 -1 14 10 -19 8 -10 -10 -14 -18 12 3 11 -1 -14 -17 15 -7 13 12 15 0 -19 -17 
16 2 -8 2 3 11 5 1 14 -8 -11 -15 6 4 -11 2 -1 8 -10 -17 8 -9 6 18 8 -16 17 -6 7 11 

delta=0.5
swaps=12
H(B)=0.567202
b1_norm=62.6817
time_ms=91.2359


delta=0.75
swaps=69
H(B)=0.584551
b1_norm=62.6817
time_ms=226.42


delta=0.9
swaps=217
H(B)=0.583816
b1_norm=53.0283
time_ms=530.219


delta=0.95
swaps=313
H(B)=0.587375
b1_norm=53.0283
time_ms=630.376


delta=0.99
swaps=434
H(B)=0.596398
b1_norm=53.0283
time_ms=769.441


====================================
Matrix 31

0 -20 10 -5 7 2 13 -3 15 18 -20 3 -10 -13 -15 -13 -19 -17 -15 12 1 7 7 9 13 -7 10 15 -15 2 
-2 14 4 3 -18 3 -14 -11 -12 -4 6 -13 -1 4 4 10 -14 11 -17 -17 7 -17 -20 -16 -12 9 7 3 -12 12 
8 19 15 -4 18 5 11 -8 -18 4 4 -10 -16 -12 13 -3 4 -8 19 -20 -8 13 10 -20 20 -6 19 10 -17 -16 
13 7 -16 11 -3 -18 -18 16 -1 -19 -20 -3 -17 -14 12 -17 -11 13 -10 -17 -18 20 0 -12 19 -13 -5 11 -14 14 
17 -5 16 -13 -3 9 12 -2 -10 7 14 -8 11 0 -10 11 -12 -7 -17 16 2 -6 -9 -7 -1 -7 -17 13 -17 -13 
-17 0 -14 17 9 -6 -15 -11 -2 8 -4 -11 -9 -17 15 -9 5 1 -18 -11 -5 0 13 -3 -7 -11 1 7 8 3 
17 10 -1 -17 11 19 -11 2 16 -14 1 -6 -3 10 4 -1 9 11 -17 10 -2 14 -1 16 13 7 -11 19 4 -15 
-16 0 3 20 2 4 -13 2 -12 14 19 -15 -19 10 -15 18 13 -15 -4 4 -11 1 -9 4 1 -11 -17 19 -9 -20 
-15 13 13 -1 18 6 -14 -11 -2 17 15 -1 -1 14 13 -14 -4 4 9 -2 15 -4 -4 -10 16 12 -19 17 -13 20 
13 -16 20 -19 -3 -11 14 -19 -16 10 -3 2 15 15 1 -13 0 16 -3 17 18 1 -3 16 -1 16 -3 6 17 -20 
12 4 6 16 3 -11 -12 -5 10 6 -5 -2 -13 -20 18 0 7 14 -10 -7 17 10 8 13 -4 20 -3 -18 -3 -16 
-17 -10 -13 -1 6 1 19 5 -14 19 17 -2 2 7 -7 -11 14 4 15 -4 -10 12 -17 -8 -3 4 19 -18 18 20 
19 16 5 10 5 17 13 4 -20 -9 -3 0 16 -13 -8 3 18 -1 13 -11 8 -9 14 -7 9 5 -3 17 -15 2 
-1 -5 19 -15 0 10 -14 -20 -3 6 11 -8 -1 7 13 9 6 20 -13 -5 19 -1 10 -19 -3 11 2 8 16 3 
-1 11 15 11 6 6 18 -12 -14 -1 9 -9 4 13 17 -12 19 -19 20 19 -19 0 -7 -3 10 12 10 6 -20 -15 
12 3 8 -12 -18 0 -9 -2 -7 9 -1 -11 -2 -19 -20 -5 -17 -18 -19 8 -9 -1 -15 -14 -8 -5 -13 -14 0 6 
12 -14 -11 -5 18 -6 -12 -11 -5 -16 -8 3 -19 13 -1 15 12 -14 10 -9 16 -9 1 6 -5 -7 20 13 2 11 
11 -4 12 18 -11 -18 -15 13 -20 4 9 9 -17 7 7 19 -5 11 15 -7 8 6 -11 12 19 -10 2 17 17 0 
11 -4 5 -8 -18 -6 16 -11 -14 -18 -1 8 9 -7 2 -13 0 13 3 0 -10 -12 -14 -2 1 12 -7 -15 15 8 
18 8 17 3 7 17 3 5 2 2 -20 13 -11 14 -2 5 14 -11 -19 8 1 -7 3 20 8 -12 11 12 -5 4 
-19 3 17 19 15 19 11 15 -16 -2 -9 -2 -13 2 18 18 -15 1 13 -3 -20 12 19 5 -11 16 16 0 18 -5 
-20 -4 3 18 -11 1 3 9 0 -1 9 -4 -17 -1 -15 -13 -20 -7 -1 14 20 13 -11 8 13 16 -15 15 5 13 
13 -20 5 -17 -12 7 8 19 -6 11 1 -19 17 6 -5 16 -14 -20 -6 -15 -15 20 15 -15 -2 -2 -11 -15 -15 -11 
-13 -19 -1 16 -6 19 -7 5 -16 -4 -1 -17 3 -9 12 4 -6 -5 13 -10 -7 19 6 16 -14 -15 8 3 9 15 
-12 18 14 5 -5 0 -13 2 -13 12 18 18 -5 1 13 6 9 -9 14 -7 -19 0 -8 1 -6 -20 -13 -18 -7 -6 
13 15 7 -11 7 -3 0 10 -6 15 9 11 -14 17 19 9 -12 -17 -7 9 -17 -3 3 -9 15 -5 6 -16 -2 -19 
6 -16 3 5 11 -19 -14 -19 -11 19 20 1 8 18 20 12 14 5 -14 -17 17 10 11 5 -13 3 -10 -6 18 -2 
-19 -2 15 8 17 8 5 15 -11 -13 9 14 17 -10 -3 -1 -14 20 -1 -7 19 -1 -14 -14 16 -14 12 15 -8 -7 
-5 3 -12 6 5 4 6 -12 10 5 9 -20 3 17 -15 -1 -14 11 -7 -1 0 14 12 -12 -14 -11 12 19 6 15 
19 3 -16 3 16 -6 -12 11 -14 -17 12 12 9 -8 5 -1 -5 -9 18 -2 17 2 -19 -8 -15 -1 0 9 6 -5 

delta=0.5
swaps=14
H(B)=0.581229
b1_norm=65.9394
time_ms=125.637


delta=0.75
swaps=49
H(B)=0.58911
b1_norm=65.9394
time_ms=191.351


delta=0.9
swaps=180
H(B)=0.600419
b1_norm=61.9112
time_ms=503.959


delta=0.95
swaps=310
H(B)=0.597062
b1_norm=55.5428
time_ms=705.159


delta=0.99
swaps=360
H(B)=0.593913
b1_norm=55.5428
time_ms=776.463


====================================
Matrix 32

4 19 16 -7 20 12 -19 -6 -7 -13 13 -13 -16 14 4 -6 4 5 -11 -17 -3 2 9 -13 -17 -14 7 10 -12 17 
-20 20 0 -11 2 19 0 -9 -19 11 -9 12 -13 9 1 -20 -8 5 -11 -9 -4 -8 12 -3 -13 -4 4 -12 -11 -11 
15 -13 18 -15 15 17 4 -20 16 -8 -17 20 -18 4 15 3 6 -17 -19 7 -16 -15 -1 19 5 -16 -4 0 11 17 
9 10 13 12 4 1 -16 -1 -6 -4 -18 8 20 -18 1 16 9 -5 -12 -20 -3 -11 19 11 -20 -3 -4 -19 -12 -15 
3 7 15 -10 17 -9 17 5 -15 13 -16 17 -9 17 5 15 -7 16 -3 -4 7 -9 5 2 1 9 -17 12 -6 -16 
15 -14 19 12 19 1 19 12 3 -10 13 -2 -18 6 -17 -9 11 -5 1 17 -9 11 1 -6 16 8 8 -4 -5 4 
20 -16 19 -15 13 -13 -13 -11 3 2 17 14 -14 12 2 11 7 -9 -7 -3 16 -6 12 -5 -1 13 9 12 18 13 
1 -17 11 -4 -8 5 -13 -13 1 8 19 -15 -4 16 8 -18 19 -12 -4 -13 18 3 -8 -14 -16 19 2 -18 18 -13 
-2 15 10 -13 -10 0 8 17 -19 10 -10 -2 -3 -17 8 -5 18 -5 -15 -16 4 15 -13 -8 -15 -7 -4 10 -7 -9 
-17 4 -1 3 -7 13 2 7 -14 9 -14 -7 9 8 5 -12 11 12 -10 -8 17 1 9 5 18 7 12 11 -11 -19 
10 -3 -14 6 16 -5 2 -6 -17 -19 12 -19 -5 -17 -6 15 -10 11 13 18 -6 16 14 -11 8 19 0 19 9 6 
-17 14 -11 -6 -8 -12 15 -1 -20 -13 2 10 4 -13 7 17 1 3 13 8 2 11 -13 -5 -2 -9 -3 -14 -2 12 
-6 8 -14 2 0 19 0 -13 20 -13 16 18 -9 -10 -15 -13 -5 -7 2 -1 -13 -17 7 17 0 -2 -6 -2 -6 15 
-11 17 3 -4 -20 2 6 -4 3 -6 0 18 -3 -2 8 3 20 -3 -16 19 13 -2 11 17 16 7 -2 -8 -8 -1 
11 -20 -8 -19 -4 7 -13 0 -20 19 14 18 8 14 -2 -4 -18 7 -5 -7 10 -7 3 -11 2 9 20 6 -13 -7 
11 -19 15 9 -1 17 -16 17 -10 18 15 3 -16 -17 9 -7 -4 -5 -8 10 7 13 -5 16 6 -3 15 -12 2 -9 
-7 -7 -7 -6 -13 -4 2 12 -11 14 15 -17 15 -14 16 -9 -10 2 15 6 19 14 10 -4 11 15 -7 -2 6 -9 
-10 -6 10 -14 -8 16 -9 -6 18 6 5 2 -17 -12 7 1 0 8 -10 -4 -14 -9 16 16 -4 -17 -7 -13 11 -4 
4 17 -14 0 -3 7 -7 -20 15 7 0 16 1 17 10 -2 2 18 -9 -6 -14 1 0 -15 -5 -12 10 -19 10 19 
20 -2 12 20 2 9 8 0 7 9 6 -12 4 4 18 -18 -19 17 20 -4 4 -17 8 -18 12 10 3 6 -3 0 
7 -16 17 -12 14 20 -15 -20 13 11 -15 7 20 -6 18 -12 0 -5 -6 0 -10 17 12 11 -5 -3 19 18 4 17 
-4 -5 -14 -20 5 17 -13 8 7 -17 3 -8 16 -14 -20 -9 -7 -14 -10 9 -14 -8 -19 11 -16 -14 14 9 -7 -5 
-2 11 17 -7 16 11 8 -13 -7 13 -19 -11 -8 -2 10 -10 -11 -16 6 19 8 -9 -9 -19 19 17 1 -19 6 -8 
3 -5 -18 3 -1 0 -9 10 -5 -6 13 -4 16 7 10 -3 15 -3 3 14 6 12 -15 6 20 3 19 -8 6 12 
12 -15 16 15 4 -11 -5 -5 13 -9 -2 0 -12 -16 5 -1 13 -20 14 13 10 -6 -9 -10 -17 -11 -7 -6 20 -7 
7 16 0 -7 0 20 9 2 5 13 -8 9 -2 3 16 -8 15 20 16 -20 1 -4 -6 -5 -13 -9 6 -15 -11 20 
-5 16 -20 20 -5 4 -16 -3 11 1 15 -18 9 14 11 -13 -1 18 -10 -9 -17 0 14 -13 19 8 15 -17 -14 -1 
5 -19 -14 -3 6 19 9 -3 12 7 -11 -1 -18 5 -11 10 -7 1 -4 -7 -14 4 -14 -8 0 -8 -12 -17 14 -15 
-16 2 -4 6 -13 -16 7 -11 -14 -17 -15 4 -18 -15 2 -4 10 0 16 3 -8 10 13 4 -12 -16 14 -8 15 6 
11 2 3 1 -20 4 -11 8 -16 -7 -11 -13 3 9 3 -10 -8 -17 -3 2 -5 14 18 8 -8 0 13 15 7 -4 

delta=0.5
swaps=40
H(B)=0.491141
b1_norm=66.8132
time_ms=255.585


delta=0.75
swaps=105
H(B)=0.515532
b1_norm=66.8132
time_ms=481.652


delta=0.9
swaps=309
H(B)=0.547672
b1_norm=58.0259
time_ms=792.581


delta=0.95
swaps=490
H(B)=0.579886
b1_norm=46.8615
time_ms=1217.93


delta=0.99
swaps=596
H(B)=0.569024
b1_norm=51.7107
time_ms=1255.58


====================================
Matrix 33

2 9 -20 -2 2 -14 -13 18 -6 19 -2 -6 5 -19 14 15 18 6 -1 -18 -16 -11 12 6 0 -8 18 -5 5 14 
6 18 11 -11 0 -6 -1 6 -11 13 -3 17 -19 8 1 20 10 3 -19 15 19 14 14 -4 11 13 -4 -17 15 -19 
1 20 14 -8 -8 -8 6 3 8 6 7 -16 7 -6 12 -16 -17 -15 -20 -4 -11 -16 0 15 11 -3 -17 -8 -12 -2 
-13 13 -6 2 20 -3 -7 4 2 16 -12 -7 10 -7 -9 11 -19 8 -15 -14 -11 -4 -1 -14 9 -10 -18 -4 10 -9 
-11 3 -15 5 17 -6 -5 19 1 -1 12 -15 16 20 18 18 13 -10 20 -13 -2 0 -16 -15 1 7 -11 -19 -4 -2 
15 6 -15 -6 15 10 20 8 17 -3 1 7 -10 14 20 7 10 7 9 12 -16 -12 -2 -18 19 13 -12 -5 -12 8 
-18 -18 -11 -15 16 7 15 12 -14 5 12 5 -13 -12 -12 3 -3 14 7 -19 -20 -19 -9 -9 18 2 -7 -20 -1 -4 
11 -13 -16 -19 -3 -2 10 16 3 10 -7 20 13 2 0 -10 -20 -9 3 -18 8 5 -20 -12 -19 -4 20 -13 -3 13 
-16 -20 18 -3 -12 1 -15 2 7 -20 -13 -8 19 -3 13 -12 -16 -2 0 -2 -14 5 5 -5 -10 16 14 5 2 5 
10 -7 15 16 -7 -10 -4 18 6 14 -19 12 2 -3 14 -19 0 8 -6 -16 -15 -17 1 3 15 -3 16 7 -7 -2 
19 -6 16 -20 2 17 -5 -6 14 -2 5 -19 7 -20 -14 1 9 8 3 -10 9 20 -6 -20 20 -1 -17 18 -18 -16 
14 -14 -4 4 -12 -10 19 1 -9 -9 -14 -18 1 -14 -17 -12 -16 7 -9 0 4 15 2 -13 -12 -3 -11 -16 17 -3 
-10 2 7 -15 6 -5 18 1 11 -12 7 20 -16 17 -9 8 -16 2 14 12 3 2 -3 -3 -20 1 2 -16 -11 7 
11 5 1 -3 -4 -5 -20 3 10 -18 -20 3 -13 -7 -17 -14 -17 -11 16 -7 -19 -17 18 15 7 16 3 12 -6 -14 
16 -9 12 -10 2 -19 -4 -1 -3 1 10 -16 18 0 -9 -7 16 -2 10 12 -12 -7 0 -14 -18 13 -17 -4 -1 -2 
-20 -10 -14 4 -10 -10 -8 -12 -6 18 0 -12 10 5 11 16 -9 -2 8 -10 -13 3 16 -5 1 2 7 -18 20 19 
-5 -13 11 16 -10 -20 -8 -18 4 -18 -19 19 -3 -14 7 -6 13 -3 14 -12 19 -14 -2 -10 -19 -15 -18 -5 7 8 
1 -17 -4 8 -8 -5 -6 -11 -8 16 -1 -9 -8 19 20 -13 -6 -13 1 1 -1 19 -1 10 -11 3 -4 -11 -20 -13 
16 20 -10 10 -18 0 -8 6 15 3 12 4 -19 -11 4 7 3 -13 15 -3 -4 19 12 6 -3 -19 -14 -4 6 15 
-19 16 -18 -4 14 7 17 -13 9 -10 5 -13 15 15 17 5 10 -14 11 2 2 16 0 0 -8 12 9 -8 -18 -9 
-15 -7 -15 20 1 -6 16 0 -14 15 -14 -15 -1 -12 6 12 6 15 18 -6 -8 14 -7 -2 4 2 19 -12 -6 4 
12 -15 -12 -17 -8 -15 -15 -14 -9 -8 8 17 11 -15 6 -16 11 -10 -19 -5 11 8 -4 -7 18 9 -4 -15 -15 10 
-17 3 4 -8 12 -16 5 -16 16 14 7 18 -6 -17 18 -7 9 -19 -9 -1 -8 -20 -12 -10 -3 12 11 -13 4 -9 
9 11 2 -20 11 -19 -19 -15 19 13 5 12 -2 -1 7 -12 13 11 20 0 -12 -2 -9 0 7 -13 3 18 -20 -3 
1 4 13 -8 -14 14 20 -20 -6 7 -4 11 1 -3 -5 0 0 -7 -2 -3 9 -9 19 17 -5 14 5 2 19 -5 
13 -15 19 1 -11 6 11 -9 -10 3 6 4 3 -5 19 12 -12 -20 7 -2 8 15 -16 -5 20 -9 5 1 -6 -7 
14 -16 14 3 -6 2 -11 9 7 12 -19 16 18 5 14 14 19 14 14 6 9 -3 17 -20 17 -5 -16 -4 17 -10 
10 19 0 12 -13 -1 -3 8 -3 -8 -17 7 -11 9 -13 8 10 16 10 -20 4 -3 -5 -18 15 -12 19 9 -11 -4 
16 13 -6 -14 -12 20 -15 0 15 -8 11 13 -18 18 5 0 10 -10 11 18 -17 12 -1 -10 -2 -14 -1 -12 -12 2 
-8 -5 -10 8 -18 -9 11 15 -4 -14 -6 3 -15 -7 11 3 -20 -11 -1 -11 18 -18 17 -4 -14 -11 -4 -11 -16 2 

delta=0.5
swaps=11
H(B)=0.601033
b1_norm=65.5896
time_ms=70.8158


delta=0.75
swaps=62
H(B)=0.603359
b1_norm=65.5896
time_ms=229.584


delta=0.9
swaps=207
H(B)=0.60685
b1_norm=59.4811
time_ms=447.854


delta=0.95
swaps=260
H(B)=0.607713
b1_norm=59.4811
time_ms=508.557


delta=0.99
swaps=335
H(B)=0.608541
b1_norm=59.4811
time_ms=587.491


====================================
Matrix 34

-8 20 -12 -13 -4 4 -15 -12 1 17 7 3 4 20 19 -5 8 -3 -20 18 12 -17 -19 7 -15 4 -6 -13 14 -11 
17 -10 -20 14 -14 5 19 -3 14 17 4 -15 19 -7 -1 -3 -20 2 -4 19 10 -3 10 -19 -6 -7 14 -12 -9 20 
-20 2 -19 19 10 -15 -19 -10 -2 -14 7 -20 11 -15 -12 -3 1 -1 13 -16 -1 -13 -13 -12 9 2 -7 2 -6 10 
18 -5 5 -6 -20 1 -12 3 9 5 -15 0 -18 -15 6 -16 -1 -16 2 -20 14 9 5 -14 9 -7 16 -15 5 7 
5 -20 -17 4 4 -9 -19 2 13 -11 5 0 -19 7 -20 16 2 -11 -8 2 -16 -3 14 15 7 -14 -13 -9 -7 4 
-6 -12 11 1 -10 14 -5 16 14 15 10 20 1 -14 -9 9 10 2 -18 -13 -6 -8 -11 15 -2 -15 -19 -18 -4 11 
-13 12 -5 16 8 17 -2 -7 16 2 18 -18 -13 5 2 7 -16 -20 15 -7 14 -15 13 -13 18 -9 13 18 -14 -9 
-19 -15 -15 15 18 20 16 -11 -17 18 -10 -11 -6 -17 2 2 -12 4 9 16 -15 16 -8 1 3 -19 -9 7 -17 -8 
-15 15 -3 14 -17 4 14 -1 15 -8 16 -10 -10 5 2 3 -15 18 -7 -3 11 6 4 4 -1 -18 15 -11 -10 -13 
-6 15 11 -9 5 12 12 19 10 -19 -1 -10 3 -9 -16 3 -8 12 -19 14 4 -9 -13 5 17 -18 11 -1 -18 9 
6 0 2 -3 5 6 -18 9 4 1 15 -3 19 -7 -9 10 16 8 -9 -3 18 17 19 -4 7 -6 -1 13 -5 -8 
-18 -4 -8 15 8 9 1 -17 -6 -15 14 3 12 -8 14 -16 -2 13 7 -2 -11 -18 13 7 -5 -9 8 -3 17 11 
-19 1 17 12 -3 -8 0 -12 0 3 6 -4 17 7 -14 -14 12 -18 7 8 -1 -10 -1 20 10 -6 0 -14 8 -5 
-2 1 0 -18 -19 12 8 -6 19 2 -7 -17 2 10 -2 -18 10 3 -4 10 18 17 -5 -9 11 15 5 -7 -15 -1 
-10 9 3 -2 -12 7 -3 -17 -17 9 15 14 -5 9 -3 17 20 -4 -6 -8 2 -4 -4 -14 13 -16 3 -14 2 13 
5 -15 3 -3 6 -14 6 -10 0 16 -18 6 -3 -20 9 1 5 14 19 2 10 9 -10 6 6 -5 15 10 18 14 
-4 -19 -12 3 -2 11 -3 -3 -15 16 8 10 -11 11 13 -18 11 20 -9 -7 -11 8 -5 -20 17 -7 17 8 -1 4 
3 -8 -4 -4 9 -14 11 15 -3 13 8 -1 -3 -15 4 -11 19 -15 -10 5 9 -18 0 -3 -15 -17 18 -4 5 -17 
-16 -3 -1 14 -4 14 -13 -2 -15 -19 17 0 19 20 0 15 -20 -16 8 15 -1 -13 -13 1 19 4 -13 16 1 -10 
-17 9 11 -20 -19 12 3 -15 5 17 9 8 18 -12 -3 -12 4 -18 -2 -20 -18 19 11 8 -8 -10 4 -1 9 11 
-4 3 13 -7 8 5 -14 2 -11 -8 -4 15 2 -13 -3 20 -20 18 9 -9 3 4 -3 -14 11 4 -9 -3 -2 -10 
17 -13 -9 -9 -13 -11 13 4 -19 14 7 2 -11 -15 -8 18 12 -11 0 4 -1 -13 0 -11 11 -15 16 4 19 -6 
16 3 -13 -8 14 7 -18 10 8 5 -6 10 5 -2 5 13 -4 -7 -11 19 -12 -4 15 20 1 -20 -14 4 15 1 
20 1 -20 -10 13 6 -6 -20 -17 -8 19 12 0 -5 3 7 14 0 19 2 -8 -14 6 10 2 -4 0 -16 2 12 
-5 4 -10 -7 -7 20 11 14 17 20 20 -15 -6 -17 3 -19 11 -10 -10 -2 18 17 -1 -13 20 10 -10 -14 16 18 
-4 6 11 -18 15 3 5 10 -12 12 6 -5 -18 18 20 2 -12 -2 19 -15 12 -4 -18 3 -14 8 -19 14 -19 18 
5 14 -3 -8 20 11 -7 -20 4 10 -15 14 -9 -6 -16 -14 13 -9 -5 -1 2 -15 -20 5 -20 5 3 -20 -14 5 
17 -2 18 12 -1 -9 17 13 12 4 -2 -2 -6 -9 9 15 -1 -16 8 -16 5 2 -19 -18 -5 8 -18 13 -11 14 
4 19 -12 4 -13 -11 3 -16 -4 15 20 11 18 1 18 19 -10 -19 20 11 16 0 -20 5 -4 -6 16 -6 7 -1 
-1 9 4 -4 19 -13 2 -17 19 20 -15 11 1 -20 -8 20 -2 -18 3 11 -14 -11 9 15 14 -8 -2 -12 5 -16 

delta=0.5
swaps=38
H(B)=0.565649
b1_norm=68.7823
time_ms=235.987


delta=0.75
swaps=99
H(B)=0.578399
b1_norm=68.7823
time_ms=324.789


delta=0.9
swaps=308
H(B)=0.589651
b1_norm=55.6866
time_ms=513.306


delta=0.95
swaps=370
H(B)=0.590605
b1_norm=55.6866
time_ms=719.608


delta=0.99
swaps=380
H(B)=0.597547
b1_norm=54.6535
time_ms=794.637


====================================
Matrix 35

-15 -18 -3 0 -12 7 0 1 -17 11 6 -19 8 15 -9 -10 -19 5 -18 -8 8 11 13 3 0 -5 4 14 17 2 
16 2 -4 -13 12 -10 -20 -4 16 15 8 -11 0 -9 -19 -6 1 3 6 16 12 3 19 -6 2 10 -19 17 13 -8 
-3 0 16 -17 -2 -16 -17 -1 -1 -17 -5 16 15 13 -13 -15 14 -3 -7 -19 15 -17 -11 -20 -19 14 0 20 13 2 
2 20 15 8 -1 -1 -19 -3 11 0 7 -4 0 13 4 -11 6 16 -18 -6 -12 -8 -12 1 -4 19 -12 -8 -14 -20 
20 1 -14 -17 19 16 7 19 12 -16 -12 15 -10 -11 1 3 18 -18 0 -15 1 -1 1 -4 -16 5 -4 -7 1 -3 
-9 -19 -8 -18 1 13 -10 -1 5 2 5 13 15 -10 17 9 -7 -3 -10 -18 -18 -10 10 4 1 -20 -2 12 17 16 
14 -5 6 -1 -15 9 -14 10 -3 2 16 4 4 6 9 -5 -3 13 19 19 12 0 16 7 0 17 -2 0 19 6 
7 -14 15 -19 20 8 -18 -20 6 18 -11 11 18 18 0 16 -4 -1 4 2 7 -8 15 2 -4 -9 -3 12 -7 -5 
-4 -12 -6 -16 20 -16 -17 10 -6 -18 -3 -7 -6 17 4 -4 -11 15 -20 -8 12 -5 11 -12 0 -9 19 -19 8 0 
9 -16 -18 1 -15 -12 14 12 -19 -8 7 -4 -2 -4 -9 13 -15 17 15 -2 10 -2 0 6 -1 10 9 -15 -8 18 
-4 -20 -10 6 4 5 17 -15 19 10 2 -19 -5 -12 8 17 -8 16 13 -12 11 -16 15 0 14 -7 9 -2 12 4 
-13 10 -12 12 -2 -20 18 -5 -14 -10 -16 2 -5 12 -17 -11 8 -20 -1 -11 -19 -7 2 -8 -6 -3 0 -3 2 -5 
18 -16 6 11 13 14 -7 -16 -15 -2 2 -10 5 11 -15 -20 -11 17 17 -8 10 -15 2 17 -19 16 0 13 3 20 
-6 0 1 -13 4 -14 19 0 0 10 18 15 16 -12 2 -10 0 14 9 -8 10 -8 -1 -14 -1 -7 3 5 7 -11 
-13 13 -4 -10 9 8 -20 -14 -6 5 -17 -10 -12 4 -5 1 3 19 11 15 9 16 4 -4 20 -16 9 -15 8 -20 
18 -9 7 -19 -5 16 0 20 6 1 -5 5 20 -9 -5 10 13 -20 5 3 -8 2 12 -18 -10 8 19 13 -2 -6 
-2 -18 10 18 -17 4 -11 15 9 -8 12 -19 -20 -20 5 6 18 -14 2 -2 20 1 16 8 5 1 6 14 -13 -6 
12 -6 15 14 -10 -11 8 -1 -11 -8 -9 19 -8 -3 -2 19 -11 20 6 -16 -8 -10 -3 -18 7 -6 11 9 15 13 
9 16 3 -13 -6 7 20 -12 2 -5 13 -17 13 11 19 8 -13 9 19 3 -17 -4 1 -18 -9 -20 -7 -6 -19 20 
-4 9 -4 -10 -2 10 12 -3 5 -18 -12 8 -13 -13 -18 -14 -20 10 -4 -7 -4 5 18 0 5 -18 9 5 7 20 
3 13 14 4 -4 -6 9 -6 -12 15 13 18 -4 -20 2 -2 -14 18 14 -15 1 19 -11 17 2 -5 -15 -3 -8 -14 
2 15 9 17 -20 -8 20 -15 13 11 2 -1 -20 3 -1 10 19 -8 -6 -19 -2 5 9 -18 2 20 6 20 -7 -4 
-4 13 20 15 15 18 -16 7 -9 -8 -2 -10 13 -18 13 -2 -13 -11 6 17 11 -20 1 -4 16 -10 14 6 -13 10 
13 5 14 -18 13 -14 1 9 2 -8 -12 -11 19 12 4 2 -2 6 -6 -18 13 -15 -6 1 8 -4 13 5 -6 -14 
-1 18 1 -20 13 -15 -20 -6 13 -10 4 -19 7 0 -11 -18 17 -13 -18 -10 -1 -7 -3 -10 -15 -14 19 17 -3 0 
17 -4 2 -9 -3 -20 -20 8 1 8 -20 19 -12 -17 3 9 10 10 8 -16 -11 11 -1 -11 3 5 18 -9 20 3 
14 13 -8 -11 1 8 -20 9 -7 8 9 15 -3 -17 -3 -14 5 -7 4 -20 -9 -1 -19 15 -1 -1 -4 -5 0 12 
8 -9 20 11 10 13 -16 -7 -13 -2 1 7 8 4 12 -5 -12 11 15 -14 1 -2 6 12 3 17 0 -18 12 10 
17 -15 -17 -18 7 -1 -3 13 -15 -15 -16 -14 10 5 14 10 13 7 16 5 -4 -11 -2 -19 -3 2 11 -16 -3 -16 
14 6 4 6 -18 13 -9 -20 10 -16 2 14 14 -7 -7 -3 -6 2 18 -6 16 20 -8 9 15 13 8 10 -14 9 

delta=0.5
swaps=8
H(B)=0.583566
b1_norm=60.7947
time_ms=81.0349


delta=0.75
swaps=63
H(B)=0.598742
b1_norm=60.7947
time_ms=186.317


delta=0.9
swaps=162
H(B)=0.606382
b1_norm=60.7947
time_ms=422.981


delta=0.95
swaps=256
H(B)=0.616466
b1_norm=60.7947
time_ms=589.944


delta=0.99
swaps=309
H(B)=0.607449
b1_norm=56.921
time_ms=615.563


====================================
Matrix 36

8 17 1 20 20 20 6 2 -18 -6 -1 0 -19 -9 8 6 -3 17 11 -4 20 -4 -9 -4 -5 18 -17 8 -16 17 
0 5 20 7 -6 -9 16 20 -7 -12 -3 10 -2 0 -7 -7 -11 4 -9 -3 -16 18 6 -8 -20 -15 -19 3 -11 10 
-10 -1 2 11 6 20 -3 6 9 -10 -7 -10 15 -18 5 19 6 14 18 19 17 18 -13 -2 9 5 4 -5 19 15 
-19 -6 19 5 10 -7 -18 18 -4 -2 16 19 8 11 -7 6 10 -12 -1 6 18 6 20 -16 -15 -9 7 16 2 -18 
-3 10 -13 11 20 0 8 -10 -3 2 20 -17 6 15 -1 5 3 7 -8 -7 -20 6 16 -11 -5 -9 10 18 -4 10 
-3 -3 -5 -17 -17 -13 -3 20 -13 -1 5 -7 -19 -4 -2 -1 20 10 18 -10 -20 -19 -17 -9 -2 -20 13 -4 4 6 
-4 -19 -6 -17 1 -16 10 13 -13 12 6 -12 -10 -12 -15 19 -8 16 8 -2 9 1 20 -20 -6 -7 -5 13 18 19 
-12 15 -16 -12 20 -9 3 -3 12 -16 16 4 -15 -13 -8 15 -10 2 -1 17 -5 1 -3 19 3 3 4 17 -18 20 
-6 -8 -8 -13 2 13 -15 -5 7 9 -6 13 17 3 -13 8 -5 11 -13 19 4 2 2 -1 17 17 -10 3 11 -15 
4 -7 -1 14 -8 -2 12 -11 9 -1 -14 12 -3 -10 20 -4 -10 -12 14 -17 -2 6 5 17 18 9 -18 8 11 -11 
6 11 -11 3 -13 -8 -1 -7 20 15 20 -7 -9 -5 -20 -8 10 6 4 -2 -2 -9 -1 -8 6 15 14 15 15 -6 
-16 -12 4 17 6 9 -13 -7 -20 -2 -16 14 -3 2 -18 3 -3 8 -1 0 -11 -8 -4 -16 -13 3 7 12 -7 -13 
-15 15 -20 11 13 3 20 -17 0 -3 -6 -8 16 8 7 -4 -14 -8 -8 20 18 16 18 4 -17 -13 9 -4 19 -3 
14 -10 -1 -1 11 -11 17 8 1 -6 3 6 -10 -17 16 9 -17 5 19 -10 7 1 2 -2 -15 6 16 5 -13 -11 
-3 -1 -8 7 -20 2 -8 -14 -11 9 9 13 -16 -12 -10 2 12 12 13 12 -18 -12 -2 18 -14 -11 18 8 -20 4 
2 -9 20 -17 -5 3 13 -10 -4 4 -12 -13 -19 9 -15 -2 7 2 -5 14 -4 -5 -2 14 13 -4 -11 20 -19 -16 
9 -1 7 -9 0 2 5 -11 3 -17 -13 16 -15 -15 -9 8 19 9 -4 -13 8 -11 20 -13 10 -11 -5 -1 -5 15 
-2 5 20 -10 -20 18 7 -4 18 15 16 -12 8 13 3 -16 -9 13 -9 -13 11 16 1 6 9 -17 0 5 6 -12 
17 -11 3 -12 -1 -7 -13 1 -1 11 -15 4 -11 -10 -14 -6 8 -4 16 1 9 -8 -13 -14 -12 16 18 -3 -6 1 
-5 17 -9 8 3 14 3 -12 -16 9 -20 -15 -19 8 -2 17 -15 7 -20 20 -11 5 -17 4 10 19 -17 20 20 -18 
-15 12 -8 -14 -10 -18 14 -19 9 -16 1 -1 -18 7 4 -6 -9 6 18 8 15 17 -5 -17 -15 5 15 -12 -6 -10 
16 -16 20 -3 -19 -17 -7 -8 -18 -5 -9 0 1 -18 10 -2 16 -8 6 -6 -1 -1 -1 17 2 4 7 -9 -13 -11 
0 17 8 -13 17 17 10 -2 17 2 -3 -5 -13 4 2 6 16 13 6 18 -5 -5 18 -13 6 9 -18 -9 3 -17 
-11 1 6 -9 2 -11 -9 8 9 -17 -17 19 3 -20 -13 -12 -14 20 10 -20 -2 10 18 0 16 3 0 2 -2 -9 
15 -16 6 6 14 17 -5 -19 11 -13 -16 14 -9 -4 20 -17 -14 -13 -5 -12 14 -9 -3 -8 -19 19 17 1 -15 12 
8 20 -5 -9 -7 -5 3 18 -6 -14 18 -12 -15 -7 -19 20 -3 12 6 11 2 15 15 -20 -13 11 -9 -12 -1 18 
16 4 -12 20 -15 2 -18 16 -2 10 10 -7 13 3 -14 14 -7 -4 17 -16 19 5 5 0 -11 -11 1 -9 -9 -8 
-11 4 -9 12 18 7 -3 13 -9 11 -18 20 -17 -2 9 17 -11 -9 5 12 -10 -17 -12 2 3 15 -7 3 -12 11 
-15 0 14 20 0 1 6 11 -20 -17 0 -14 19 -19 1 -11 -10 -8 7 -11 -12 -10 -11 -9 8 -20 3 0 -6 -3 
-15 -18 1 -3 12 -14 4 -14 -13 -12 2 6 16 -8 -19 6 6 -4 9 11 6 13 -10 3 13 18 -10 15 13 19 

delta=0.5
swaps=23
H(B)=0.559002
b1_norm=68.4982
time_ms=144.292


delta=0.75
swaps=104
H(B)=0.598565
b1_norm=68.4982
time_ms=410.41


delta=0.9
swaps=217
H(B)=0.607962
b1_norm=57.931
time_ms=534.227


delta=0.95
swaps=238
H(B)=0.599683
b1_norm=57.931
time_ms=569.096


delta=0.99
swaps=356
H(B)=0.607427
b1_norm=57.931
time_ms=732.498


====================================
Matrix 37

-4 15 -10 -16 18 -5 3 6 -12 -16 5 -11 19 15 7 5 9 -4 11 -16 14 -8 -2 7 -17 -4 15 19 18 17 
6 6 17 -6 -20 1 -9 18 -7 -20 -2 10 1 -16 15 -20 -9 9 0 -6 4 20 17 -9 7 -3 -5 -6 7 8 
-16 2 -10 -9 -19 2 6 19 2 -11 15 -5 -2 -11 12 9 13 -7 -7 7 10 12 17 -15 -4 -12 7 8 0 20 
-19 12 -1 13 19 -16 7 -6 -16 -16 -7 -9 9 -6 -19 -13 -2 -14 -4 -8 17 16 -18 8 17 20 -4 15 20 3 
-9 -11 15 1 -6 7 8 -18 5 20 -19 -4 8 -9 7 8 -11 -9 7 -9 16 -9 2 11 3 18 -5 -15 1 -10 
18 14 5 -8 -11 -11 -4 2 -13 19 13 20 -20 -9 5 10 -9 -11 15 -13 9 19 -5 18 -19 -11 19 -17 2 -17 
18 -10 -18 2 -8 -2 -5 10 -4 -4 4 8 -1 -8 5 4 -2 14 6 -8 12 2 -12 20 -8 7 -9 6 7 -3 
17 0 10 11 12 15 4 -5 -4 2 -17 -10 -9 -1 12 -10 18 16 18 20 -15 9 -15 4 4 11 -1 14 -14 17 
-8 13 0 -14 -11 18 7 15 2 13 -7 4 -11 2 -4 14 5 -18 20 -6 8 -1 2 -4 -5 16 0 -4 5 0 
-1 8 -1 10 -12 -10 12 -14 9 2 -12 0 -6 -20 10 -3 -7 2 15 -17 -10 3 7 12 19 -9 6 -9 1 -14 
-16 -6 9 15 -16 -12 11 18 -19 -17 20 5 -18 -9 18 19 2 0 -15 10 -3 -10 -4 6 16 9 -20 -9 17 -7 
-10 -15 1 -7 -13 -15 -1 1 -18 13 -1 -12 -12 -8 -9 4 11 -3 -19 -10 18 -11 -8 -15 9 -17 -18 11 -3 20 
13 16 -4 -1 6 20 -18 -6 14 -3 -7 17 2 -7 -11 2 18 -7 -19 12 2 4 -15 17 -11 1 -1 -20 -20 0 
-1 19 -7 14 -8 18 -7 2 5 15 -12 -12 9 12 -20 8 -20 9 10 8 12 -5 -11 -11 -17 20 -3 12 -2 14 
-11 20 13 -1 10 -8 18 11 19 -11 2 13 -20 16 -10 9 -11 -11 -14 -3 6 15 8 -13 -16 6 -14 -14 -6 12 
11 18 20 0 4 19 -11 14 3 16 18 10 -4 4 -14 19 3 13 9 -19 6 13 -11 10 1 2 -4 4 -1 10 
11 -17 -18 -20 14 -6 -19 -8 9 9 13 -20 8 19 -14 -12 4 18 8 11 20 -1 7 -13 15 -13 -6 -15 17 1 
9 10 -13 4 20 -14 -2 14 -18 12 20 3 5 4 -16 -18 0 -20 0 -19 0 -20 4 -6 18 12 4 8 10 -10 
-2 13 0 6 -9 -19 -6 -16 16 -13 -14 -15 -17 9 -4 4 19 6 16 -16 -20 0 -9 6 -3 12 10 13 8 -7 
-9 -3 8 -16 -8 12 7 8 2 -17 -19 -16 15 -8 -14 6 8 -11 -18 8 6 -4 -7 -4 9 6 2 17 8 0 
-11 -15 13 5 -10 6 18 -7 18 9 -20 -19 10 8 16 13 -6 -11 2 -13 -5 12 13 18 7 -7 2 -11 3 -19 
-5 -11 -1 18 2 -17 -4 17 16 -11 18 -19 17 6 -13 9 5 12 2 12 -13 11 -13 8 5 -4 -19 10 -6 -12 
8 -15 -3 12 -9 -8 -16 -14 11 17 8 11 -12 -10 -17 3 18 9 13 12 -6 -4 -17 -16 15 1 11 -13 -4 -13 
14 12 7 -10 13 -10 -1 12 9 -7 -17 1 -7 10 17 1 -17 -17 -12 10 12 -9 8 11 15 3 -8 18 5 -15 
3 17 -15 -3 -19 8 19 -5 20 -18 4 5 9 0 -20 -12 -19 -11 -6 7 -2 -16 -13 -14 11 -4 6 4 -6 16 
-10 18 -2 1 4 -20 1 -15 0 4 6 19 -4 -15 -14 -17 -3 -19 15 14 18 -18 -17 14 -16 -2 10 -17 -13 6 
10 18 -11 12 2 4 -19 -7 0 0 18 -12 0 -17 -12 11 -2 -12 -14 -5 -18 -12 16 20 2 8 12 -14 8 12 
-6 13 17 -20 1 -9 9 17 -4 -18 -10 -19 -5 10 -19 14 12 -20 -2 2 -18 -3 9 6 -11 0 -1 4 20 20 
17 19 14 2 12 17 -18 7 -7 -20 19 -9 18 -17 -3 2 -5 2 20 -4 -11 11 -10 16 13 0 -6 19 -17 16 
-7 14 -1 -17 -3 -3 -19 7 16 12 -7 14 18 -8 -3 -13 11 10 -4 -11 -20 -3 12 -1 11 -19 1 14 17 6 

delta=0.5
swaps=16
H(B)=0.58317
b1_norm=66.9925
time_ms=150.753


delta=0.75
swaps=84
H(B)=0.588825
b1_norm=66.9925
time_ms=308.812


delta=0.9
swaps=234
H(B)=0.59532
b1_norm=49.4267
time_ms=558.875


delta=0.95
swaps=264
H(B)=0.601492
b1_norm=49.4267
time_ms=552.627


delta=0.99
swaps=375
H(B)=0.607036
b1_norm=49.4267
time_ms=827.508


====================================
Matrix 38

6 12 -15 -16 -8 -20 15 15 -6 8 -13 2 11 5 12 5 1 4 -9 -13 17 -2 14 -12 12 -18 -2 1 -2 -2 
19 16 -4 19 20 -4 18 16 -13 -6 0 15 -5 -20 16 -16 -5 -6 -8 10 5 -15 -12 -3 7 19 12 -19 16 5 
10 4 -5 -15 -6 -2 -18 -6 -2 4 18 17 -4 -10 16 -19 -3 10 4 -4 6 -14 19 6 13 -9 12 -4 0 -9 
2 9 10 19 -13 4 -13 -16 -3 -2 -7 -8 -17 18 6 -15 -7 -16 3 -2 11 10 -16 9 6 -14 3 -20 3 20 
-2 8 19 -10 8 -4 -1 14 8 -13 -6 -4 -11 -6 -1 4 -10 -13 18 1 11 -19 1 -4 4 -8 -3 2 -7 -17 
11 -9 -15 -5 5 17 -9 16 15 18 -1 18 16 7 5 -12 8 -4 -12 14 -8 0 -1 4 -11 9 12 15 -6 8 
3 16 -12 1 -14 -17 17 -1 -17 -2 -10 -14 7 -15 -15 14 -12 -17 9 1 -1 -16 1 18 -20 -20 13 17 -11 1 
-13 10 -7 11 -19 -17 6 -20 8 -5 -11 13 2 -16 17 -6 -20 -13 -17 -11 12 -6 -10 3 -16 6 16 3 -20 11 
5 -20 2 18 4 15 -20 12 16 8 -16 -20 16 -17 -13 10 8 -10 -10 14 -11 -15 -11 5 16 -13 -19 15 -13 7 
-5 1 10 -5 -16 5 19 20 20 13 -12 -2 -11 1 10 13 -3 3 2 -3 2 -8 19 -1 18 1 6 18 -16 -5 
17 -18 5 10 -10 -15 -2 -13 -18 -6 9 -13 10 0 -12 -5 15 -5 13 -7 -15 11 16 15 6 11 -8 13 16 13 
-1 -14 -3 20 -7 -12 19 -15 -20 -17 -3 1 12 8 -17 -5 -15 8 -20 -9 -14 -5 6 20 16 -1 -5 20 4 -5 
3 19 -1 19 7 -15 1 -20 8 -18 -10 19 8 15 -2 -20 -5 -18 -6 -9 2 17 -10 11 -16 9 15 1 1 -8 
-14 -14 -16 -11 2 20 15 -19 -11 10 -20 15 -14 11 -17 7 -18 16 12 -13 -18 -2 -4 17 -9 20 10 -16 20 -13 
-19 -8 -8 -9 17 -9 14 -3 6 0 8 -3 13 -18 -6 1 -8 3 -17 -8 15 6 -9 -2 1 -19 -14 18 -3 -14 
15 1 17 16 17 15 3 6 -10 -2 -17 -5 -14 20 -16 -13 14 -16 18 8 -2 -11 6 -15 -5 -12 -17 -5 -13 14 
-17 -13 16 -3 -15 -12 -13 9 3 13 4 -2 -4 -18 4 1 -20 12 -7 18 -13 10 -1 -18 -15 15 -11 13 10 19 
14 0 0 -12 -8 -15 -9 -17 -16 5 -10 6 16 19 -20 -2 5 2 -1 8 -18 -8 -12 6 -6 6 -1 11 -19 3 
-9 -1 2 -8 -9 9 2 -4 13 19 -3 3 -13 13 -8 -19 18 -1 -18 9 3 17 20 -20 18 -2 7 -9 -20 5 
-12 -13 -3 -15 -12 -2 2 4 -8 -1 11 13 4 -18 11 17 -10 18 -5 1 -7 2 10 -6 3 -19 12 5 9 -14 
1 -12 -14 -3 2 16 -16 3 -12 15 7 -20 -8 -11 -9 15 20 0 16 14 -11 -18 2 7 1 7 -9 -6 1 4 
-15 8 17 5 -15 -7 15 8 -7 -19 9 -18 -10 17 -17 -15 14 -4 -15 17 -13 -17 -14 5 16 15 13 9 -3 14 
-3 0 18 -11 18 -2 -11 -20 -8 -5 15 -13 7 19 -18 -1 14 17 -2 -4 18 14 -8 -12 16 -7 -4 20 3 2 
-7 5 -6 -11 -13 4 15 16 1 -1 15 -1 19 7 0 11 3 -17 -8 -1 -6 -12 -20 1 -12 18 -5 17 19 -3 
-2 20 -6 2 -14 8 9 0 -8 7 20 -1 -12 4 -5 18 -2 -17 -8 -15 4 -18 4 -9 -12 -11 13 13 13 -14 
-14 -15 9 -6 -15 19 3 3 -12 1 -3 -4 -6 -7 5 15 -7 8 12 3 -2 -19 -1 5 19 -16 -6 -6 14 8 
16 11 14 7 10 -20 -14 -18 -15 18 -3 -17 -15 3 8 14 -11 -8 -9 4 5 -16 17 -10 13 18 8 12 -9 -14 
-9 -12 0 19 -6 19 -16 17 -12 20 -11 -5 -7 20 2 5 10 -11 -8 -20 18 -1 -9 9 7 7 19 5 -5 -16 
-20 -17 5 20 -12 -2 -8 3 -11 -18 13 -17 -5 -7 -3 4 -7 3 -2 -8 11 14 -5 -2 -2 -3 10 10 0 -20 
19 6 -7 -11 8 9 -13 7 -3 16 6 19 -1 11 17 -3 11 -17 -11 9 -14 -13 2 11 10 -8 -13 2 5 -2 

delta=0.5
swaps=15
H(B)=0.532702
b1_norm=59.5315
time_ms=146.809


delta=0.75
swaps=121
H(B)=0.569838
b1_norm=59.5315
time_ms=367.669


delta=0.9
swaps=244
H(B)=0.588273
b1_norm=52.811
time_ms=597.179


delta=0.95
swaps=303
H(B)=0.583933
b1_norm=52.811
time_ms=742.256


delta=0.99
swaps=424
H(B)=0.597085
b1_norm=47.0425
time_ms=907.351


====================================
Matrix 39

-15 13 4 3 14 18 -18 13 9 16 13 16 -3 13 12 -12 -8 -5 -6 -14 -8 -14 11 -11 -12 0 19 7 -16 -14 
13 -8 -8 6 -16 -20 -12 -11 6 20 18 -3 14 12 0 8 -14 6 3 17 5 5 -7 7 5 15 11 -7 4 -2 
12 -17 6 5 -20 -10 -14 6 8 16 8 -2 -8 14 13 12 -15 -1 7 -19 -12 -17 -5 6 -12 0 5 -4 -17 8 
14 -20 -16 -10 -19 8 -9 9 -20 3 -4 -15 -18 7 20 -12 -6 8 18 4 -19 -5 -8 14 -8 -19 -3 -19 -19 17 
10 15 -8 1 -11 2 16 -10 -7 11 -12 12 -17 -12 19 19 -10 16 20 13 -19 -3 16 19 18 12 -18 6 15 20 
3 -4 -15 -11 -9 16 -11 16 3 -14 18 14 -5 -5 17 11 -13 13 -16 18 -17 12 -10 20 6 -15 4 -2 1 1 
-9 -11 -3 -13 5 6 15 10 -7 0 20 2 8 18 9 12 -11 3 8 -5 2 -12 2 10 16 13 -17 10 17 -8 
-1 -16 9 -8 -5 18 8 15 -2 -20 -15 -5 -9 -18 7 12 -2 11 1 -9 -11 -12 16 -3 9 6 -9 2 -16 -7 
0 -15 12 2 4 5 12 8 -12 6 -1 -12 11 2 -17 -10 11 -2 11 0 -16 18 -14 -4 9 -6 -3 12 -1 -1 
14 13 0 -11 4 3 -11 -14 19 -7 12 16 -10 -20 1 10 16 -16 -8 -10 -1 17 4 8 6 0 4 6 8 -16 
-7 13 -5 14 14 -5 5 10 -8 -6 4 -2 2 1 -19 3 -11 -18 13 -6 -4 11 -9 -12 17 -12 18 -1 -15 16 
18 9 0 10 2 -1 -3 18 15 -15 -1 -16 5 15 19 -4 4 16 1 17 11 -18 19 -4 -5 3 -5 5 -20 5 
19 18 18 5 -4 20 -20 -12 -12 -19 -15 9 17 -14 -1 18 -3 4 -9 -14 -4 -13 -13 -5 -7 -3 -15 -7 -19 -1 
11 3 0 2 -10 3 -13 -1 7 -3 3 6 10 8 -17 -16 14 -7 -2 -5 -11 -18 -12 -10 -13 -8 -12 -18 8 13 
13 -13 -20 -2 -2 -10 8 -18 13 -10 -18 -20 17 -17 18 -9 20 4 -15 -17 -5 -6 -20 17 -8 0 -15 -9 -6 -12 
-20 -7 12 13 19 3 5 -16 -20 7 5 19 -6 18 -2 -9 -19 2 12 -15 17 -10 -1 -18 15 12 13 -20 1 13 
-6 -20 -8 -18 6 9 -12 -3 0 -16 16 -2 14 12 -4 0 -14 4 7 0 -6 -2 12 1 20 -1 20 -9 -8 3 
-17 20 5 17 10 1 -16 4 -6 -20 19 19 -15 -7 -7 -10 16 3 -1 12 -16 -15 -14 -14 2 -1 8 -12 -7 -1 
4 7 -2 20 13 0 -13 0 11 7 -7 -14 0 -1 0 9 0 -4 -1 1 3 1 -11 -16 18 -19 12 -11 -5 4 
6 -19 -8 -18 15 0 -12 -14 -16 -3 7 8 9 20 17 13 -13 -11 -3 -19 -6 -13 8 13 -12 -13 3 -3 -1 16 
15 -8 17 14 -13 18 0 19 20 0 -12 -3 -7 -1 -17 -5 12 0 -3 18 3 17 15 12 8 5 11 -7 -5 -14 
-6 16 -17 -4 15 5 17 3 3 12 -6 16 -5 11 20 14 11 -2 -2 3 2 7 -6 -4 9 -16 -8 -6 8 18 
-17 8 -12 -9 -7 4 14 -4 19 -15 12 5 9 -18 -19 6 -13 -15 -15 2 -14 14 -6 -5 9 5 -9 -3 -14 7 
18 -19 2 -20 11 -16 1 -13 -3 -12 18 19 10 -18 7 6 8 -13 -11 1 10 4 -4 -12 -6 17 5 5 -2 -14 
0 -12 -2 -12 2 -11 10 5 2 0 -9 -16 -9 19 -1 -7 -8 -11 10 -6 16 -3 5 7 -20 10 -20 13 20 19 
-8 -12 -3 20 -14 -11 17 -9 7 19 20 -19 -3 11 5 18 6 -1 -10 3 -19 -7 -16 3 -3 -16 7 0 6 -13 
19 14 19 4 1 13 1 -10 -15 -4 8 -19 19 15 -5 10 13 -3 15 -11 17 -4 -16 2 6 -19 19 7 9 -4 
7 -13 4 -4 3 -8 15 20 12 -16 16 -14 -15 -4 -8 -2 -2 18 6 -2 -10 -10 -8 18 17 11 4 -13 -2 -20 
1 -9 14 12 -4 11 9 3 -9 -20 1 -13 2 -17 -6 5 -7 -16 0 -6 -12 5 -7 -15 -11 9 -3 7 11 -10 
7 -13 4 -9 -17 -13 10 6 6 0 19 -16 -18 7 6 -5 19 18 13 -8 -13 -9 0 -4 19 -19 5 -20 -17 5 

delta=0.5
swaps=6
H(B)=0.577466
b1_norm=67
time_ms=74.9197


delta=0.75
swaps=64
H(B)=0.580218
b1_norm=67
time_ms=183.588


delta=0.9
swaps=263
H(B)=0.615524
b1_norm=59.5399
time_ms=702.964


delta=0.95
swaps=292
H(B)=0.609949
b1_norm=49.689
time_ms=776.917


delta=0.99
swaps=445
H(B)=0.603153
b1_norm=49.689
time_ms=989.118


====================================
Matrix 40

8 -1 -19 -14 -12 17 -14 3 11 2 -18 1 12 9 7 -2 -16 6 5 -10 13 -6 -13 -1 14 -15 9 -5 0 18 
10 -6 -16 9 -18 -6 -3 -7 2 -8 8 -17 -17 -3 -5 19 6 -15 7 -12 20 17 10 -15 11 -15 6 14 -19 9 
-10 -9 3 13 -14 -16 -15 -2 1 -9 -19 16 -17 5 18 -11 11 -3 -13 17 -6 -2 11 4 15 -19 -3 15 3 -19 
16 13 16 -2 4 -20 9 -14 -12 -13 -5 -20 3 -13 -5 -14 2 -10 11 -4 0 15 1 2 -5 -8 12 -20 -6 -11 
-20 -5 0 2 -11 0 18 -8 19 0 -9 11 12 6 -16 -12 8 -6 -2 -9 -15 -13 -19 -17 20 2 7 -11 -8 -1 
12 -16 -13 -12 4 10 1 8 8 14 13 -5 9 3 16 -6 -15 19 2 -5 12 3 -19 -2 18 -9 -5 20 19 -16 
10 10 -8 -9 3 0 -20 -19 -18 1 -7 2 0 2 3 8 -19 -9 -7 -10 -20 6 16 -3 10 9 14 -18 -14 8 
-11 19 11 6 5 -16 -6 -18 9 8 4 1 -20 -8 -3 15 -3 18 -16 -8 0 -15 -3 8 13 -7 20 -1 -15 5 
12 9 -6 19 4 0 -2 10 -17 -12 -10 -7 14 -11 -4 8 13 2 15 0 1 -20 5 -12 -16 -5 4 6 11 -5 
4 2 -6 -6 19 -3 11 -3 -12 -12 -16 -15 -13 -3 17 7 14 -3 13 -17 -2 -10 14 13 -18 -19 -6 -1 9 13 
11 3 7 -2 18 10 -18 9 -20 15 -7 -15 -18 9 -17 -13 13 7 12 17 18 19 9 13 10 -19 7 0 -3 -4 
-8 -1 5 -19 3 -12 17 -13 -16 9 -15 13 -4 9 8 7 -5 9 -20 2 6 16 -11 -18 -15 -17 5 4 6 8 
-2 -7 -5 19 7 -5 -11 0 -3 -17 -1 18 6 -13 12 2 -16 20 -6 11 19 -12 -14 -13 -4 0 -3 -10 11 -18 
-5 5 -16 10 1 11 19 11 -8 12 -9 4 20 -8 4 3 -16 -6 16 9 14 20 16 3 -7 -2 17 19 19 -10 
-9 -2 -11 13 -1 0 2 16 -8 5 4 -6 -11 15 2 20 19 8 6 1 -12 -13 2 -8 -3 0 -9 4 -10 -17 
16 18 -17 -5 -4 -2 -14 16 -6 13 -14 -18 3 -13 15 16 17 -7 -15 -17 0 -5 -16 -8 -20 19 12 19 7 1 
2 -14 1 4 18 19 15 -1 13 10 -15 -16 -2 20 -6 11 -4 -5 -16 10 -9 16 -4 12 -5 10 -11 -7 -19 17 
-5 19 -18 -2 -7 11 1 17 -3 4 -20 -9 -1 1 -13 14 -3 -10 -4 4 3 6 -3 -12 -2 -14 19 -13 4 -16 
-7 -11 -13 9 6 19 -17 16 -1 7 8 -14 13 9 20 -9 17 -16 13 -17 -14 -14 4 19 9 15 16 -11 19 -14 
-11 -14 3 -9 -18 12 -4 19 -8 -12 -11 7 4 0 -6 -14 17 -3 12 -19 -17 -19 17 -11 1 -15 18 9 -13 15 
12 -15 -10 17 -1 -13 -15 1 14 -20 -6 8 19 -14 -4 15 13 -5 8 19 -8 -1 18 2 -18 14 11 -17 17 6 
5 1 -16 2 -17 -6 -12 0 16 20 -8 -5 4 -8 -17 -19 -16 -3 11 14 -17 11 -3 -16 -14 -19 7 11 -5 16 
-2 0 6 -3 1 20 14 -12 4 -19 10 -12 -13 7 -9 -20 -13 1 -18 16 -8 12 -15 3 -20 -7 -3 15 5 -18 
2 -13 11 20 18 -10 20 4 -4 -7 -9 20 2 10 -13 -15 -19 17 8 0 19 -19 5 -8 -19 -6 -18 -10 -13 -13 
20 -12 9 6 12 3 12 19 2 2 -14 -11 10 -5 -17 -5 15 4 3 -10 -17 19 -11 13 15 6 6 -20 0 1 
5 14 -9 11 14 -18 -19 17 -2 -20 15 13 7 -2 9 6 2 -2 -20 8 3 -14 -6 4 8 12 -20 -3 -2 -8 
-4 6 15 20 8 15 13 -8 8 11 7 16 7 -13 20 -20 20 -20 20 20 8 11 -2 -13 -8 18 16 6 -16 16 
-4 -20 17 -3 16 -12 -9 -4 -9 -3 -3 -7 -4 13 -10 -10 -8 7 -18 -19 -19 11 -3 9 -15 1 -12 19 -14 2 
1 2 11 -14 11 -10 2 -11 8 8 16 0 10 -17 18 3 18 -6 -3 8 -16 -3 -7 -7 12 -3 16 8 -17 10 
-17 17 -5 -4 6 -17 17 19 2 -16 -1 6 -8 -2 -13 -9 -9 0 -20 10 13 4 -18 19 16 1 6 5 2 -7 

delta=0.5
swaps=4
H(B)=0.652274
b1_norm=60.2578
time_ms=62.448


delta=0.75
swaps=42
H(B)=0.64189
b1_norm=60.2578
time_ms=169.951


delta=0.9
swaps=179
H(B)=0.636836
b1_norm=53.5257
time_ms=303.062


delta=0.95
swaps=233
H(B)=0.649859
b1_norm=53.5257
time_ms=342.705


delta=0.99
swaps=302
H(B)=0.637039
b1_norm=53.5257
time_ms=421.794


====================================
Matrix 41

13 10 -5 -10 -12 2 -12 18 -10 20 17 11 10 8 -19 -2 -12 12 16 4 10 19 -18 -11 17 -4 1 -11 -1 3 
11 14 7 12 13 -13 0 -4 -19 -13 16 15 16 -7 4 10 -19 4 11 14 1 -1 -2 -18 11 8 5 20 -13 8 
13 4 2 -15 19 -13 19 1 12 -6 1 19 -5 7 -2 -6 19 -14 -15 16 -19 -18 5 7 14 4 -9 15 17 -20 
-12 8 5 -19 -5 12 0 1 15 -17 -1 -12 18 -18 3 -7 -20 15 20 -1 -2 11 -17 -12 -8 4 -16 11 -11 -3 
1 8 0 -18 -13 -15 18 -11 -19 -13 -15 14 8 -17 20 14 -8 13 8 10 13 18 -19 -10 10 18 -8 17 6 1 
16 19 -2 2 -14 -14 -18 12 -7 -7 8 11 -3 -4 6 -18 12 -13 5 7 7 -9 -12 11 11 15 -1 14 -15 10 
-10 7 -17 -14 16 14 -9 13 -13 -16 -14 20 -18 6 16 3 -14 17 -19 -18 -5 7 -13 -16 -18 -17 -19 17 4 20 
7 1 -9 -9 -11 -18 19 19 -7 6 14 -13 -7 -13 5 -1 -19 -10 -7 18 -2 15 0 -17 -15 -16 -20 -16 9 13 
-7 5 3 -7 20 -8 17 -5 -1 16 11 8 7 3 5 -5 17 15 -3 -9 -15 19 -19 -3 -3 17 -5 15 -15 -9 
-7 7 -10 1 9 -2 -1 3 6 3 16 -5 18 -9 -1 18 -7 -13 -7 1 17 14 -20 -19 -2 4 15 -5 11 0 
-11 17 7 15 7 20 -16 11 9 4 11 -17 13 -2 20 -20 0 -10 19 -1 -5 7 -20 -9 -20 20 8 -20 -18 -16 
-1 -17 -11 3 13 3 0 -20 -10 0 17 -17 10 7 -20 -9 15 11 -11 6 -10 3 2 17 -8 7 -2 2 15 -17 
10 11 -19 3 3 7 -11 -10 17 -1 -9 12 7 -9 -3 15 5 10 13 4 -13 -4 -9 -7 15 13 17 6 -18 11 
20 -11 9 1 -15 16 9 -16 9 11 -2 -18 -5 -9 20 4 -15 4 -4 -20 3 -15 -9 -7 6 -7 -1 4 -2 10 
12 -14 -4 -13 10 3 4 7 -12 1 2 0 -8 15 -15 -5 -5 -14 18 15 -19 18 14 0 6 -16 -17 -10 8 19 
-12 5 -6 8 -16 9 -1 14 9 4 10 -10 -4 -20 -13 19 -4 8 7 18 9 -6 0 4 15 -13 6 17 10 13 
-8 20 -16 14 12 20 -12 10 -4 18 -2 14 14 6 9 7 -20 -10 7 -12 20 14 -7 19 8 -5 -8 8 -20 -1 
5 15 16 -9 2 -14 2 -19 2 -13 -6 13 -12 1 -4 8 -16 3 18 0 -12 -10 13 19 -1 -18 -10 6 0 20 
-13 -2 -19 -4 6 -2 -10 2 -13 17 -2 -8 -9 -5 -11 15 1 -8 -20 -18 -7 -9 18 -5 -13 -10 9 -18 8 7 
16 8 7 -9 -17 -12 18 0 -8 -9 -13 1 19 10 12 14 17 12 -10 8 11 -15 -11 -12 9 0 17 -18 9 -6 
20 -14 -11 13 12 -2 1 17 3 1 -16 1 6 5 14 13 -17 -6 -14 14 8 -20 -14 11 -20 -9 -18 13 -10 4 
18 -11 19 -6 -17 4 -15 11 10 0 -14 -12 -11 15 12 1 -14 -12 -3 10 5 -19 -20 -20 -10 -3 -20 9 -20 10 
18 -14 -14 -20 10 -10 11 1 2 -19 -11 1 -18 -12 -13 12 -5 12 6 4 -9 -13 2 7 2 2 10 -3 11 -15 
-2 -12 -3 7 -5 16 -15 10 -1 17 -6 6 12 -11 -2 -8 12 -12 -16 6 16 13 3 -18 3 17 16 -5 -7 14 
7 10 11 8 -12 -1 -17 -15 -18 -4 -4 15 -1 -4 -2 -3 -2 -11 8 4 13 3 8 20 -10 -12 -18 9 -18 1 
-10 12 -2 -19 8 -16 14 -3 -12 3 20 1 3 15 -13 -20 -19 0 7 6 8 19 4 -10 -3 5 5 -18 -19 8 
-4 -19 -8 -13 -9 -8 20 0 -11 10 4 -10 -7 -19 -19 -9 -5 -15 -18 17 -6 -5 -3 -3 -4 -19 -3 -7 1 -2 
0 1 15 -12 13 -11 -5 12 1 -15 -5 -14 17 10 -6 2 13 12 -10 -14 -4 -4 -7 -4 18 -11 12 19 -1 -1 
-16 5 0 -2 -4 -12 9 -9 10 18 0 -8 13 -17 1 -2 -10 17 -2 18 -17 12 -4 16 -5 13 1 -18 -12 -10 
-6 6 -1 20 10 -17 19 5 -9 -12 -20 -1 18 -10 -11 1 4 9 19 3 15 -14 -3 6 14 -5 -8 17 -19 18 

delta=0.5
swaps=4
H(B)=0.586584
b1_norm=65.9697
time_ms=74.7285


delta=0.75
swaps=61
H(B)=0.607046
b1_norm=65.9697
time_ms=157.02


delta=0.9
swaps=125
H(B)=0.600833
b1_norm=57.0526
time_ms=267.879


delta=0.95
swaps=281
H(B)=0.618248
b1_norm=52.7067
time_ms=510.828


delta=0.99
swaps=372
H(B)=0.615232
b1_norm=52.7067
time_ms=820.992


====================================
Matrix 42

-7 -2 13 12 4 4 -11 6 0 1 12 -20 0 -20 18 12 -1 -7 -9 -17 -9 19 1 12 -13 15 6 2 15 18 
16 -15 -16 -1 2 -2 -16 -12 16 -18 10 -12 11 -17 -10 -20 19 19 7 -4 -20 11 -9 -16 17 13 10 13 -9 15 
-2 -4 12 14 12 -3 8 12 10 11 -1 -16 -16 10 -4 -2 -12 6 -4 18 10 5 6 10 -2 8 16 18 8 12 
-15 6 1 9 -5 -9 20 -12 -2 -9 -17 -8 12 3 18 19 -20 -6 19 -7 18 9 -4 8 -18 0 -16 -12 -3 10 
-18 3 -16 9 -7 0 -6 -15 -5 -14 -20 15 15 20 6 3 -15 -8 -11 -10 -7 -19 -2 6 -16 0 -7 6 9 17 
3 17 17 -6 1 11 -19 17 -17 0 14 -6 3 -3 -18 -5 -9 14 -18 0 16 -18 -8 0 -7 11 -19 -1 13 7 
-10 -18 -8 -13 9 5 -3 -7 3 -8 17 -9 -9 -19 -10 -12 0 18 19 14 1 10 -11 10 -17 14 9 -3 -12 -2 
13 7 -20 10 4 -6 -4 7 -6 14 12 3 -6 -15 -18 -12 -1 20 6 6 -5 7 -3 16 7 -4 0 6 11 -16 
-17 20 -5 -10 14 2 11 5 9 4 1 3 0 11 3 2 12 -8 13 1 -10 7 20 6 -12 15 -13 -18 -16 16 
-14 12 -2 -6 -19 -17 -8 -11 -12 -12 3 19 -9 -19 -20 19 6 14 14 -17 -5 4 -1 -5 -11 13 -3 -20 0 16 
-9 -2 8 -8 -14 13 9 6 -18 8 13 16 8 15 -4 -5 9 -11 -15 7 -12 17 -19 0 -20 -19 9 -18 6 -10 
5 12 -10 15 8 13 16 -17 -10 3 11 -9 3 -6 -15 16 12 -9 -2 0 14 5 -18 -15 10 -16 1 -17 11 -12 
13 -20 -11 -6 19 9 -2 13 -17 -3 -4 15 -18 -18 -18 14 5 12 10 -11 16 18 6 -5 2 -9 -15 15 10 -8 
10 -5 -10 13 18 -8 6 16 17 -6 14 -14 -18 11 11 7 11 -20 -14 18 13 0 -3 17 1 12 4 -4 3 -16 
-2 4 -5 -14 -6 -5 1 11 7 -7 13 -19 17 13 4 12 -5 12 12 11 18 -15 -4 2 9 -2 -9 -11 -12 19 
-7 4 16 8 7 17 -13 -15 -11 18 -4 -20 -7 8 9 -16 18 2 14 -12 12 5 8 -12 -19 -5 17 -5 -19 17 
12 5 -10 15 -1 9 -9 -2 15 -1 -11 9 -8 12 -5 -8 -6 -17 -12 15 2 -12 -7 2 -10 -18 8 1 -2 -20 
-5 2 -14 -12 -4 11 13 20 -5 -14 -18 -15 -16 -9 -2 -2 -1 -6 11 -10 -10 1 -9 -9 -1 -11 -8 -1 8 -19 
2 18 -16 9 -15 16 -5 3 1 6 -18 -9 -20 -8 5 -19 10 7 3 -8 -6 19 -17 2 10 -20 -2 15 -8 19 
-10 -20 2 -18 -10 8 11 -4 -5 -10 4 3 9 19 -3 -14 16 15 11 7 2 8 7 15 9 3 16 15 4 14 
-6 0 13 -19 -3 -12 -6 2 16 16 17 17 -5 -11 -11 9 -15 -3 -5 -1 14 3 -16 0 7 1 19 -2 -20 7 
3 -4 -17 -1 -14 12 -9 -7 -14 -3 -5 8 -9 -14 -9 1 19 9 -5 3 7 -8 3 -4 -4 11 10 6 -15 -20 
10 8 -15 -3 4 -6 -3 -10 -8 -11 16 -11 9 -17 17 -13 -3 12 12 5 0 9 14 -1 6 -7 -10 11 -20 -11 
20 14 13 -19 9 -13 15 -10 17 -8 -3 -7 20 19 -13 -11 5 -16 -4 6 10 6 -6 -9 7 16 -7 3 11 17 
-4 -13 -19 -15 0 14 10 5 10 0 -15 10 13 -5 -13 4 5 10 2 4 6 -19 -2 -15 -6 -5 11 1 14 5 
-4 5 -9 -16 2 -13 -6 -16 -12 2 -19 0 6 -20 -11 9 -5 -15 -19 14 9 6 5 -14 3 -3 -11 -19 1 -18 
14 -6 -18 -12 -19 4 17 1 -9 2 -16 -9 1 9 20 4 1 16 13 -20 8 -16 11 9 4 -11 2 -16 -12 8 
-18 6 7 17 -14 9 -20 -15 -20 12 -18 0 1 -3 16 -6 -3 -11 15 -17 4 11 -12 -15 -2 4 0 9 -16 10 
-5 4 -5 6 -19 16 -12 18 -2 9 -12 -15 -9 -19 12 -5 18 19 18 14 19 3 -17 11 19 -10 -10 15 -3 -8 
8 -15 -14 12 8 3 -2 13 13 12 15 -14 19 -18 13 -2 16 -8 -5 -17 20 -7 -4 6 -8 -1 -8 6 8 -15 

delta=0.5
swaps=16
H(B)=0.547635
b1_norm=62.9126
time_ms=177.054


delta=0.75
swaps=70
H(B)=0.552393
b1_norm=62.9126
time_ms=342.354


delta=0.9
swaps=250
H(B)=0.584074
b1_norm=56.6745
time_ms=632.24


delta=0.95
swaps=310
H(B)=0.574847
b1_norm=54.3139
time_ms=827.243


delta=0.99
swaps=444
H(B)=0.575162
b1_norm=54.3139
time_ms=1098.47


====================================
Matrix 43

-8 12 9 -9 0 -10 14 -6 -17 -15 -8 16 -2 5 9 5 17 -8 10 5 -1 -17 11 20 -8 -4 19 10 -8 -19 
20 -3 -16 0 5 10 9 19 -17 13 -11 19 -15 -7 -4 -9 9 8 -15 -13 -20 -17 -2 -19 17 1 -14 -8 15 -18 
13 -9 -6 -19 -10 10 15 -10 8 -8 6 -13 -18 20 17 -11 0 20 10 17 -12 -20 1 -17 16 -5 -8 3 -12 -3 
-17 -13 7 -18 5 -4 4 -4 -3 -11 -11 -8 6 -2 15 -13 6 10 19 -19 9 -5 -5 -12 6 -7 -18 16 -12 0 
-8 19 -17 -20 15 3 12 -10 -9 3 2 -9 -6 18 16 -1 11 -17 8 4 10 12 10 19 10 12 12 18 16 15 
13 14 18 2 -12 11 -10 -6 -17 20 3 3 -20 12 -9 -6 15 19 -4 12 -7 -1 -7 -12 8 1 -17 11 -19 -10 
-19 13 3 -15 1 -20 -16 -7 16 4 -4 -2 -7 -2 -1 10 -20 -17 11 -3 -6 -13 -14 1 -4 6 -6 11 13 4 
19 -10 11 -5 -2 -11 -5 -8 10 -14 19 -12 18 2 5 -6 11 17 5 -20 -10 7 6 -13 0 0 -12 12 10 -12 
-19 3 -10 11 17 -3 -14 -15 -8 5 10 -7 8 -7 16 -12 0 -14 8 2 -17 20 15 -17 19 11 -19 0 12 -15 
-14 14 0 -5 14 7 -3 -6 9 -10 6 6 6 -19 -12 13 -16 -17 17 -17 -17 -18 18 -5 -5 0 -1 -14 7 17 
4 -3 3 -18 -6 11 11 -4 0 -8 5 13 -15 10 -9 1 -11 -14 -5 -10 -20 -2 16 12 -11 2 -10 16 19 -7 
10 -17 20 20 -5 7 0 6 -7 -8 -2 -15 -14 10 14 -19 -4 3 -12 2 -2 13 7 13 -16 9 -14 5 14 -6 
2 19 -13 15 -3 -12 -2 -20 -20 2 -9 -12 -5 17 -8 16 4 18 -15 -16 14 10 -13 -3 9 -8 -17 0 17 10 
-14 0 8 -12 -2 5 -6 -18 -17 16 -19 3 -4 -14 15 9 13 9 -12 -17 -7 2 -12 -1 5 -17 9 10 -16 2 
-3 15 1 6 -5 3 -9 1 11 -19 -20 7 -5 7 -11 -7 9 19 -13 19 -11 -9 -4 -13 2 -7 -4 13 -3 -12 
1 19 -17 -5 -10 -7 -10 7 -10 -4 8 17 2 -18 -6 16 2 -6 18 13 -11 -12 9 -6 17 3 4 -18 2 19 
1 -12 -14 19 -12 8 15 -1 5 -5 19 16 -8 -18 5 -13 -2 -14 12 20 -10 11 -7 20 20 1 -9 11 1 8 
11 -13 -16 -4 15 -1 18 -13 10 -15 -13 8 3 -16 0 -8 6 -10 10 -13 -10 -1 9 16 -1 12 -11 -14 -5 9 
20 8 8 3 20 16 -18 19 -7 -19 8 -18 -16 2 14 -2 17 -17 10 -17 13 -2 16 -7 0 8 -20 11 2 16 
20 20 -4 -11 -3 11 14 -18 0 -3 -13 14 3 9 8 -18 -11 -9 18 -6 -13 -7 -6 12 14 -2 -19 20 10 11 
-9 -10 3 -4 -7 2 -1 -8 5 -18 -9 -8 4 14 9 2 -4 -10 -9 14 2 5 16 3 6 -17 -9 7 -19 19 
-13 6 11 -17 -9 -13 -11 -19 6 2 -14 0 -16 20 -4 9 20 8 -5 -3 -4 -8 4 14 4 -11 -8 20 -5 16 
16 -3 1 6 3 -4 -6 -16 16 -2 17 14 -20 -20 14 -18 -11 -9 -1 6 -14 -16 -8 -7 5 12 4 19 -12 -12 
-12 16 8 0 -19 -10 -6 2 -11 -4 8 -11 7 -16 0 11 -1 20 9 -4 -9 -13 13 -9 -7 -15 -2 15 -2 20 
-17 -2 9 16 -4 12 -17 14 -12 -12 14 2 -12 -13 -10 3 -1 -12 13 -13 -8 10 -18 -11 18 -13 14 3 20 11 
-7 -4 -3 16 16 -17 0 11 3 4 -8 2 -2 -16 -1 -13 11 12 -17 -20 -12 -20 6 -11 -7 12 -1 15 -17 -7 
-7 11 8 -2 -19 -3 18 10 -9 -7 11 -10 -3 -6 11 -11 12 -16 7 2 -15 -8 -10 -14 0 -10 1 3 -5 -20 
-11 7 -10 17 1 2 4 16 9 -4 4 0 -4 -1 -17 -2 -7 18 -5 10 10 -9 7 4 19 -3 15 -8 -7 19 
-9 -3 20 -14 20 11 -19 9 -2 19 -4 -15 5 -14 -3 -3 -18 -7 9 14 5 -16 -12 3 20 -13 11 -9 -4 -3 
8 14 7 -9 3 10 17 10 12 10 2 -15 -18 19 -16 0 -15 -9 -18 19 16 -16 -3 14 -7 -7 4 3 6 -18 

delta=0.5
swaps=30
H(B)=0.537835
b1_norm=62.6578
time_ms=183.3


delta=0.75
swaps=98
H(B)=0.540675
b1_norm=62.6578
time_ms=381.443


delta=0.9
swaps=221
H(B)=0.577465
b1_norm=62.6578
time_ms=583.245


delta=0.95
swaps=377
H(B)=0.568329
b1_norm=56.5243
time_ms=1151.44


delta=0.99
swaps=508
H(B)=0.578943
b1_norm=52.9245
time_ms=1283.87


====================================
Matrix 44

4 19 9 3 11 -16 11 11 16 -16 -8 -9 12 -11 1 -18 -11 -6 -20 12 19 -12 14 3 2 17 -18 -9 10 -9 
12 10 -17 2 2 -14 -4 14 13 15 -3 -10 20 3 18 -10 -1 7 -5 -8 14 -18 10 -5 16 19 -8 11 19 20 
4 12 4 2 -16 -17 0 -17 13 17 3 6 19 20 -17 13 -10 -10 6 -10 -4 -12 12 10 14 4 -20 -2 2 9 
-14 -2 20 -6 8 17 -3 -4 16 -11 -4 8 13 7 16 15 -3 5 5 4 -15 -3 -13 -18 18 -6 12 -6 3 10 
-3 -4 12 3 -12 0 -1 10 -13 -6 2 16 -1 -1 20 -17 -4 -18 -13 20 -7 15 -8 -17 -4 -6 -1 -3 16 -8 
-10 8 -4 10 11 -10 -13 17 15 -15 -18 5 13 -10 20 -10 -16 -13 5 14 6 -9 16 -1 2 16 10 -15 18 -8 
5 -13 18 -19 8 5 19 -19 -17 20 -15 20 7 8 -11 -11 -10 -3 -18 -16 -5 2 3 -19 9 14 -3 2 -6 4 
5 -8 -12 1 17 -4 0 -11 6 -1 -5 -14 -17 -10 -5 -11 0 -8 -19 -7 0 -7 1 -4 6 1 20 9 10 7 
-16 4 1 -14 7 -5 -6 16 -17 0 10 -15 -9 3 -8 8 -9 -9 5 2 -19 3 13 16 -15 16 -13 16 -1 -14 
17 -1 11 -1 -14 -15 -4 17 0 -6 17 -18 11 -14 6 4 -19 7 -20 16 -13 9 3 -10 -16 -13 14 -3 -3 -2 
12 -19 4 -8 5 18 -10 19 -8 9 6 -16 -18 -1 -18 18 14 15 -10 -5 16 -10 -2 15 13 -19 -13 18 5 17 
8 10 -18 3 3 5 14 -16 1 -19 3 -3 -9 8 -7 -20 11 14 -11 16 -17 20 -11 10 6 -2 4 -11 0 12 
-13 -1 -4 9 20 -2 -4 5 4 11 1 19 -1 -1 -11 -2 8 3 5 1 -3 7 5 1 -5 12 -3 17 3 11 
-13 18 8 8 12 -17 13 6 20 8 -10 -6 8 18 -5 7 7 -18 -20 -12 17 19 6 0 3 18 5 15 14 20 
15 9 -1 11 16 -10 -5 -2 -20 2 10 20 -12 3 12 7 17 15 -1 -9 13 -11 1 11 -19 -6 6 -18 -9 17 
-12 -6 -6 -6 -15 17 20 -18 -2 -9 -3 -1 -1 11 11 -5 2 17 -2 -9 -18 -7 19 16 10 -8 19 -18 11 -19 
-5 7 18 7 -9 -5 11 0 -18 -11 19 -10 14 17 -15 9 19 -7 16 6 1 -4 -4 -5 -3 20 -10 10 11 -6 
-8 12 15 -2 19 -20 -7 17 16 -9 -11 16 17 -6 -19 -2 -20 18 7 -8 14 8 18 -5 -18 4 5 15 -3 -7 
18 17 -9 1 11 15 1 8 -11 6 2 16 -8 16 16 -17 4 -17 16 18 14 3 18 -5 -10 6 1 13 19 3 
-14 19 -13 -19 -14 6 19 -13 -12 0 -14 5 -13 20 2 12 -6 -20 18 17 19 -15 20 20 4 10 -19 19 -15 14 
16 -10 7 8 10 -9 -10 4 12 6 17 6 -6 -9 -12 -8 -12 -9 18 -11 -13 13 -10 8 3 0 2 -14 8 15 
12 15 -6 16 -2 16 20 -9 10 14 -14 16 -19 16 -10 -3 -17 -17 11 -4 -20 -19 15 -5 16 20 2 -8 -10 16 
-16 16 -16 -15 9 -13 6 -19 10 8 -1 14 2 -1 10 -13 -5 -14 11 -3 -13 -1 20 -18 -2 11 0 15 19 9 
4 -11 4 -9 -20 15 17 1 -6 17 -16 6 14 9 17 11 -17 -11 -7 -3 6 18 14 -16 -20 -6 2 -17 9 -6 
-6 -12 -15 7 -12 -20 -7 -11 9 11 7 18 11 -8 -19 13 -16 -10 1 15 -10 16 -16 9 10 -1 -12 19 -1 5 
-4 -4 -16 -13 17 19 5 7 -19 -13 -12 20 20 -13 -4 -11 -13 20 7 -7 13 7 -3 -20 -7 -11 -1 14 7 -10 
-4 -5 8 16 13 18 -12 3 -9 5 13 9 -4 4 -12 -13 -3 -11 4 2 -7 -16 -10 3 0 5 -3 17 -16 -14 
-2 -19 1 11 -7 -20 19 5 -13 9 11 1 13 17 -18 -19 -4 4 -17 -12 2 -16 -18 -11 -3 -9 9 -1 12 15 
-16 -20 8 14 -9 -16 -2 15 19 19 7 -9 -17 -9 -13 -14 -2 8 -17 -5 -14 17 -12 -19 1 -7 -14 20 1 7 
-6 10 2 3 -13 -3 -18 12 18 -18 -15 -19 -11 7 15 6 -5 16 -19 14 1 -17 20 -16 -13 -14 14 -4 -15 1 

delta=0.5
swaps=32
H(B)=0.55587
b1_norm=67.9926
time_ms=218.981


delta=0.75
swaps=94
H(B)=0.570034
b1_norm=67.9926
time_ms=330.403


delta=0.9
swaps=216
H(B)=0.571773
b1_norm=46.0217
time_ms=560.839


delta=0.95
swaps=232
H(B)=0.586321
b1_norm=46.0217
time_ms=584.739


delta=0.99
swaps=381
H(B)=0.586197
b1_norm=46.0217
time_ms=932.231


====================================
Matrix 45

-16 -11 13 4 -10 -9 -8 -13 -7 -12 19 19 3 16 -15 -11 -18 -12 6 4 -19 15 1 -6 -3 -13 5 -3 11 -17 
0 -17 13 -8 -7 -20 -7 10 -6 -16 -2 -10 -3 3 -18 12 7 -6 2 19 -15 -16 -10 11 19 3 -17 12 -11 -18 
-15 -3 -16 14 -6 16 -20 -10 16 -19 15 -3 -12 19 -12 -8 18 -10 11 -11 -10 7 -20 0 -8 -7 9 -6 -16 -3 
-16 -20 3 0 -14 1 4 -1 3 -9 -16 -4 0 20 -20 -19 -5 -5 17 3 -7 18 4 2 -13 -2 -2 7 -10 3 
3 16 -17 16 -10 -20 17 18 -2 -14 4 20 -18 -1 -14 18 8 -7 3 -19 16 16 -7 -14 8 7 6 -9 -6 -19 
-16 12 19 -12 14 6 16 -4 -10 5 4 -19 16 -8 10 -16 -15 -20 -4 -13 16 14 -7 4 2 9 11 -13 15 7 
-4 20 -17 -11 -20 -4 -15 18 18 -9 7 17 -6 -2 7 -19 18 -5 -11 -10 -6 -8 -12 17 18 9 18 -10 17 13 
-13 -7 -14 14 -7 8 8 20 -19 -12 8 -14 -17 -14 -17 1 -4 17 -11 -1 16 -6 1 -17 -12 -8 -14 -14 -2 3 
-12 -17 -7 12 -16 -14 -9 -13 3 -12 1 -7 6 -15 -2 -7 4 5 -2 -16 -15 19 -19 8 -6 11 4 8 -14 -18 
2 2 -14 -17 -2 -5 9 -3 2 -1 -14 11 -2 -7 2 -7 16 2 -12 16 15 6 17 7 -10 10 14 -19 -4 17 
-4 -20 18 4 2 -2 0 15 -17 1 4 -10 -2 -2 12 -18 8 12 -2 -15 -14 9 -19 -11 12 19 -1 7 2 -6 
5 -6 -2 -11 4 -13 5 11 10 2 8 -7 -18 -11 5 -9 2 8 -6 15 -10 5 -18 -3 -17 4 10 19 -9 20 
19 6 -5 -19 -10 19 -5 -12 10 -18 -19 1 12 -18 -20 -8 9 9 -4 -6 -8 -10 -18 13 -3 15 -13 18 16 14 
-17 7 2 14 -18 -14 -17 14 19 -9 -15 -11 20 -13 4 -6 -12 -18 -19 -5 1 -8 -5 -16 16 14 -16 -14 20 0 
-13 -8 -19 18 -8 17 9 14 -12 9 -11 0 -17 -12 -18 -10 13 9 11 10 12 -18 16 0 -1 17 -11 -17 15 8 
-2 3 -6 -7 11 11 12 -14 -15 3 -16 -9 -8 -16 2 -19 7 -8 9 -16 -7 0 -1 17 13 -7 20 20 7 -8 
1 -1 2 1 5 16 1 5 1 -1 -10 -5 -8 19 -2 -8 -5 13 -1 -14 -2 5 16 3 11 -6 17 -4 3 -10 
2 -4 -13 19 1 -6 6 -17 19 -7 18 17 6 -19 -20 -18 -1 20 19 17 4 0 -3 -19 -2 20 13 16 15 -20 
19 -19 -8 19 8 10 -13 13 1 -7 -2 -17 -9 -7 -1 -5 8 -2 -6 13 -12 -3 5 13 -14 -19 17 13 16 13 
20 8 -8 -15 -6 14 4 -7 4 15 -9 0 20 -20 -18 18 13 6 8 -4 -14 -16 -14 -6 15 13 -5 -19 -6 7 
-16 12 19 -15 15 -5 -5 11 14 -11 -3 -19 0 6 -16 16 13 -6 -13 -1 -12 1 -20 -5 -16 18 -11 11 -7 4 
5 15 7 -20 20 14 1 19 7 10 -15 4 9 -5 14 -3 14 18 -19 -4 -14 10 -8 -1 -9 18 -9 -11 5 -7 
-7 5 -19 -2 14 -15 8 20 6 -4 -1 4 19 -10 14 -18 18 18 -20 -18 16 17 5 8 1 -19 -8 -14 17 9 
11 14 8 1 7 -19 -2 17 19 -17 11 17 18 4 8 -1 -10 -16 8 -19 13 -5 -11 -10 -20 -14 5 2 -13 -9 
12 10 -11 5 18 -16 -1 -16 -5 -4 17 13 14 -16 9 1 -11 18 16 -12 8 -3 6 16 -11 6 8 1 -2 19 
9 -18 8 15 -18 -7 -12 -15 6 7 10 -11 -2 -7 -16 -20 -7 -15 6 -17 -5 3 1 14 -19 19 3 12 -10 -18 
-14 -8 12 -14 -10 -1 14 19 6 -16 15 -4 5 13 -7 -20 -19 -19 -1 -9 11 -6 -5 -16 1 -14 18 6 20 7 
-9 10 -13 18 -14 5 -8 18 -11 3 -17 -15 20 15 1 -19 -10 8 -19 1 7 -13 -2 13 17 18 -18 11 -15 6 
-19 -6 -11 -12 -20 8 -9 -17 -13 -9 -20 -2 6 -13 -7 1 -14 6 15 -1 13 3 16 17 19 16 1 19 -1 19 
11 -14 6 -19 17 11 11 -2 -19 9 3 -7 13 16 -18 -20 0 -7 -16 -7 11 1 11 -17 15 -20 3 9 11 18 

delta=0.5
swaps=19
H(B)=0.584612
b1_norm=65.3223
time_ms=169.577


delta=0.75
swaps=67
H(B)=0.582218
b1_norm=65.3223
time_ms=262.5


delta=0.9
swaps=213
H(B)=0.605725
b1_norm=46.7974
time_ms=539.499


delta=0.95
swaps=292
H(B)=0.611374
b1_norm=46.7974
time_ms=846.605


delta=0.99
swaps=372
H(B)=0.595493
b1_norm=46.7974
time_ms=1028


====================================
Matrix 46

9 2 -6 6 -12 -15 -18 14 -20 -4 -14 -20 -8 18 20 13 6 10 2 -8 -5 8 -20 13 -19 0 -3 -8 15 -4 
-12 2 -14 -10 16 20 3 7 -17 -9 10 -6 -2 16 2 0 -20 -17 7 20 -14 -15 17 -17 -6 1 -13 10 -6 -17 
20 -3 -3 -20 -16 4 -1 -16 -14 14 -4 1 4 20 -15 12 19 13 -17 -16 -12 18 -13 17 18 -3 -19 -7 18 10 
-3 9 18 0 20 -14 -7 -16 -20 0 4 8 -1 20 9 1 -6 3 4 -9 0 3 -13 -1 -15 -3 11 -15 5 0 
-14 -4 -3 -9 -12 -10 19 20 10 1 -19 0 5 13 13 -3 16 -9 -10 7 -2 3 -2 -7 -10 9 -14 -7 15 19 
8 -4 -11 15 1 -11 5 11 11 16 12 11 -13 2 -15 14 11 19 8 -7 20 -12 16 19 17 7 10 -10 0 -12 
4 -11 5 12 -10 3 -12 -16 8 18 17 9 7 -11 3 8 -7 -5 -17 10 -8 10 20 -9 14 -18 -3 -16 19 -8 
15 1 10 11 -14 -8 3 1 -11 -13 13 -1 6 -5 14 18 0 3 9 -19 -14 -15 -2 -13 -4 3 10 18 10 -13 
4 9 -5 -13 -19 13 13 -8 -6 14 8 -5 14 13 -16 -7 -18 -13 3 10 -11 -4 -14 20 -15 -18 0 17 -4 3 
-4 18 -5 14 -1 -11 -14 3 -11 -9 8 -16 -16 -9 12 2 12 14 -18 -1 0 9 12 -5 16 -12 -2 -20 -8 1 
-20 -2 -14 12 -7 -17 7 -9 12 12 9 8 9 10 -3 -9 18 14 1 8 13 -20 -3 11 -5 -15 3 -10 11 0 
-4 15 6 2 15 4 8 -18 -15 -17 4 14 4 14 9 -1 -15 -8 -19 6 -1 -17 4 1 -14 20 -9 -15 17 -12 
-2 -16 3 2 -3 -10 -8 4 6 -11 16 7 13 5 -14 20 14 3 5 -12 2 10 12 -15 -10 -9 8 -16 -12 11 
11 10 -16 13 -20 9 -16 -14 -4 10 -19 -18 -19 -10 16 -14 9 -1 18 3 10 3 3 3 14 -4 6 7 1 2 
5 -10 -5 -4 -10 -7 0 -4 4 -3 -3 -11 14 -1 13 -9 13 9 -1 17 -10 -12 8 2 -1 -7 3 -10 -6 1 
-19 3 15 -1 -18 13 15 19 -9 19 -6 13 -6 14 -9 -20 0 -1 6 19 -10 19 5 13 -11 8 -6 19 -15 -14 
-17 4 -17 19 -8 -1 4 -16 -12 -4 7 -3 7 6 0 -1 -12 10 16 10 1 -20 0 -3 7 18 -2 18 15 11 
-8 -14 7 -3 11 -1 -7 -3 14 -2 20 16 17 4 -4 10 1 -9 0 -1 15 15 -17 -5 14 -14 15 20 -10 4 
5 3 -19 9 19 -5 -4 -6 -12 -13 -1 -7 -19 -3 15 -12 19 0 4 12 -17 -11 -6 -7 -3 18 20 -9 -8 8 
6 13 -15 -20 -7 20 20 -8 -8 4 12 -10 -5 0 1 4 -18 -16 15 20 -2 14 18 -17 6 -5 -19 -16 -1 8 
16 -3 20 -10 -6 -19 10 13 -2 1 19 -5 16 -16 13 -5 6 14 1 18 -10 -5 17 -4 -17 7 -8 4 -19 19 
9 11 1 -7 5 -13 8 -20 3 2 8 -1 -10 -13 -4 -11 -16 11 -19 17 -9 -2 -16 14 -18 -14 18 6 -16 18 
8 20 6 17 16 -18 14 20 -16 14 14 8 14 14 -14 12 19 -20 -2 7 -17 6 -9 -17 6 17 6 -6 15 -12 
15 -12 20 7 -20 -19 19 16 13 5 -14 -2 -7 18 18 15 3 19 6 -20 -19 14 -3 15 17 -13 7 2 18 5 
15 -17 16 -7 2 10 10 12 13 11 -11 -5 -13 -2 -7 -18 -12 3 14 -1 -15 -18 -14 13 -9 -19 6 1 -9 17 
-7 -16 19 5 -13 -10 19 6 18 12 10 9 -10 15 0 1 12 -20 -5 19 1 -10 6 3 -9 -11 10 15 7 -6 
-4 10 2 -14 12 9 -6 -12 -7 1 -10 5 -1 3 -11 -4 3 -5 -4 -2 -13 11 3 -15 14 5 -1 -6 -13 2 
-13 -13 -11 -4 9 17 12 -11 -9 20 -13 -14 -16 -15 11 13 -10 9 -4 19 16 -18 -10 4 -4 -8 13 16 -4 -8 
-19 16 12 -5 15 2 -18 -2 -15 7 -18 -14 11 2 -18 -12 -9 15 20 -17 -15 15 -8 -15 -13 19 -5 19 -13 2 
14 1 -3 3 15 -15 3 -7 15 -9 -18 7 -11 6 12 -7 11 9 3 -10 -6 -5 -9 -8 12 18 14 -13 10 -18 

delta=0.5
swaps=27
H(B)=0.573526
b1_norm=67.4685
time_ms=103.799


delta=0.75
swaps=74
H(B)=0.575441
b1_norm=45.299
time_ms=244.995


delta=0.9
swaps=204
H(B)=0.593094
b1_norm=44.5084
time_ms=485.68


delta=0.95
swaps=268
H(B)=0.59787
b1_norm=44.5084
time_ms=619.212


delta=0.99
swaps=335
H(B)=0.592203
b1_norm=44.5084
time_ms=845.734


====================================
Matrix 47

-1 15 -10 11 -10 -6 5 15 -9 14 14 -12 10 19 17 11 -7 13 -17 -16 -19 -10 -8 -7 0 4 -9 -18 -1 11 
-2 -12 -1 -17 -13 5 7 13 -16 13 -11 -8 4 3 -4 2 17 17 -18 -4 -13 -8 -15 6 -13 -7 -1 17 -20 -7 
9 -15 18 -5 -9 -2 -10 17 -17 2 20 -5 -17 3 1 -16 15 18 4 -18 -13 8 -8 -11 2 8 -19 19 3 13 
-16 -13 1 14 12 -18 16 -20 10 -16 -9 19 9 16 0 -13 10 -16 -7 6 6 9 10 14 0 -16 -15 12 5 14 
18 11 -6 5 19 -2 -10 18 4 -18 13 0 14 -6 10 -5 -8 11 14 -13 9 -9 -20 13 14 15 8 -12 8 1 
8 -15 5 10 -13 2 -13 6 -9 19 4 -13 20 -12 -10 -5 3 16 20 15 -17 19 -13 0 -6 -12 11 -3 3 -6 
1 19 20 2 -16 -10 2 8 -12 7 -11 -6 10 -2 17 -5 -16 8 -20 0 -19 11 14 -15 -15 -20 -5 3 -20 2 
2 -8 -20 13 0 -6 5 20 -13 9 8 -10 -4 14 -19 -18 2 -2 -17 7 -19 18 11 -17 -20 4 13 1 6 -14 
-19 -18 -7 -2 2 5 -20 -6 2 -8 -9 20 10 14 -16 5 17 -18 -1 7 17 -19 4 12 11 -7 9 2 18 11 
18 20 14 -12 -16 -12 -3 -9 -3 1 1 9 1 6 -9 -5 16 -11 11 -9 -3 17 8 20 19 -3 -15 4 -7 4 
7 9 4 0 4 10 -16 19 -16 -18 3 -17 -1 -13 -9 -9 8 16 -19 -2 12 1 -8 -16 -3 -10 -17 -11 -11 -18 
5 17 5 15 -17 14 0 -4 9 -7 3 -2 -14 2 -12 13 11 -7 20 -13 18 6 19 -6 -20 14 -7 16 -7 20 
16 4 -2 -13 -10 16 -14 8 8 19 20 17 4 0 8 7 18 7 11 16 4 -9 -20 2 9 7 16 -12 -13 12 
15 -16 0 8 10 1 -13 -14 0 -7 0 12 3 20 10 6 -13 -7 15 18 -3 8 20 4 17 -6 -9 -19 -11 13 
2 -1 20 15 -10 -19 -4 -12 8 2 -2 1 -5 17 12 5 0 -11 -13 0 -13 5 14 -18 18 -2 12 -18 -13 20 
-15 -9 -12 4 -12 7 -20 -6 -4 -18 17 -18 20 -11 16 -14 -1 13 -2 -10 -4 14 -6 1 13 2 -11 -8 -15 -15 
19 11 20 20 14 -6 -10 -18 -1 -18 2 -1 -7 15 7 17 -16 -13 -9 -8 -8 -20 -9 -2 -1 6 -3 1 -1 14 
-1 -1 -17 -6 -5 -7 -4 2 11 16 -8 4 -15 5 -9 -5 20 -8 16 -16 3 -12 -8 -5 -12 5 -9 11 19 -11 
12 -20 -10 2 -6 11 11 2 5 -10 8 9 -1 14 -5 -9 -20 -13 -14 16 2 -7 -15 -10 13 -4 -11 -15 -6 -20 
9 9 -11 20 5 -19 -13 -15 4 11 16 4 -11 -8 -15 1 -3 -10 3 -13 -5 -12 2 -14 -3 10 -13 12 15 -12 
10 13 8 11 2 3 -10 -7 8 -13 5 -8 -11 1 -4 -18 -18 -10 -3 17 -20 -17 7 2 -12 15 -10 6 -3 1 
-14 -6 10 14 18 7 -11 18 3 -17 7 -15 -15 -18 -15 -20 -17 -18 17 -11 -6 -1 -12 14 15 -10 20 5 -19 -18 
-19 4 17 19 -7 14 -9 15 -13 -8 8 11 14 2 -4 15 -9 7 6 -11 -4 -1 -9 -1 -3 -6 15 -3 -3 -3 
14 13 -17 2 2 -16 -20 -9 7 -7 -8 -18 -6 17 -3 14 8 14 -9 2 10 7 17 -10 -6 -10 12 -8 3 -18 
10 3 17 17 -18 4 -2 -11 -6 -1 -14 -3 -6 20 3 -16 14 -5 9 0 15 -8 -5 -14 -10 15 18 2 -9 11 
-12 -4 8 -12 20 -16 3 -6 -17 12 6 -10 5 -15 2 -12 18 -10 -15 -3 -16 -12 10 -20 12 5 0 9 15 18 
8 -19 5 -10 1 -6 7 1 -7 -19 6 -15 8 -11 -1 9 15 -14 -5 -10 6 -1 -17 -6 18 -1 16 15 -12 -10 
-17 -18 16 -14 -3 12 14 -5 -12 -13 5 18 -8 6 9 -3 8 -4 11 17 13 -11 15 -11 -3 10 2 7 19 18 
16 -3 10 9 7 -5 16 -8 -2 3 7 3 -8 -4 -16 -19 -19 11 -13 17 -17 -20 -18 16 -17 -19 -3 16 -3 -14 
-5 13 15 -7 -2 -9 16 5 -3 2 -6 15 4 -15 2 -18 -1 -2 12 -13 6 -15 -5 12 -3 -16 17 0 1 -4 

delta=0.5
swaps=27
H(B)=0.525008
b1_norm=64.8151
time_ms=253.632


delta=0.75
swaps=124
H(B)=0.522693
b1_norm=64.8151
time_ms=464.034


delta=0.9
swaps=331
H(B)=0.55202
b1_norm=64.8151
time_ms=873.047


delta=0.95
swaps=371
H(B)=0.560202
b1_norm=62.2415
time_ms=986.67


delta=0.99
swaps=473
H(B)=0.562357
b1_norm=62.2415
time_ms=1108.7


====================================
Matrix 48

-14 -3 -19 -8 5 -10 2 13 5 -15 -18 -13 -1 -16 -4 -11 -11 -10 13 0 10 1 -3 7 19 13 9 -8 4 17 
15 15 -1 -17 4 2 -8 19 0 -15 -7 -13 9 -13 -19 -10 10 -1 -5 18 -11 -6 -16 -3 -13 12 1 -15 17 8 
-5 -13 -2 7 -12 6 16 -1 -13 -1 1 -6 14 5 -11 0 -4 -20 -18 1 5 13 -17 16 11 17 13 2 20 -3 
-7 -18 -13 20 4 -2 4 1 3 -16 -16 11 -6 10 -7 -3 10 -2 -2 13 15 1 -3 -6 -12 -13 -16 6 -3 -4 
-19 -3 5 14 19 -13 20 -10 -13 7 15 11 -3 12 6 18 -18 6 15 -19 4 -11 3 11 -3 5 -20 12 -8 11 
-5 -6 -16 13 -8 10 0 -7 2 5 14 4 10 7 13 2 -11 -6 -6 19 -9 1 7 -3 -18 -13 -1 3 14 7 
-17 13 -11 -1 -13 20 -6 -5 18 -12 20 -19 10 0 10 -4 8 14 -15 11 13 -7 -8 -12 10 -10 -19 -2 -8 -16 
18 -7 8 19 17 18 12 -6 19 -2 -19 -12 2 -6 7 19 -3 -4 19 7 -13 14 -16 -19 -4 2 20 -7 -3 -9 
17 2 -3 19 13 -5 -7 -11 -10 -11 12 -13 -14 -18 -12 13 -17 -9 -7 14 0 -15 9 18 20 -16 -15 5 -14 -5 
-2 -10 -18 -20 -8 -17 20 -19 20 -3 -6 16 4 -3 4 -15 5 -10 19 -18 1 1 3 -20 0 -18 14 -19 6 4 
12 4 7 10 2 -16 17 16 0 -6 -13 -7 -15 5 -13 -3 -18 15 10 2 17 1 -18 9 -9 -11 -9 20 -2 -5 
-5 10 7 6 15 -6 -16 -7 10 -16 -3 -3 10 -19 -9 15 -4 -11 11 -18 9 -4 -20 16 -12 0 -17 6 -13 -9 
-15 0 5 7 -6 -1 2 -3 -7 -16 9 -4 -12 -14 -11 1 5 -2 10 6 -7 18 -12 7 20 5 1 7 -16 -16 
6 -6 16 -11 5 16 4 8 -4 11 -6 -15 -3 2 -17 11 6 14 -7 13 5 -7 -10 -17 13 -8 -2 -7 -18 2 
0 -10 11 0 -13 15 -1 -13 -20 -1 -18 9 3 -2 9 -4 19 -1 16 -5 -18 -15 13 8 14 -10 13 -10 -12 16 
1 -1 17 16 -7 16 -15 16 4 -5 19 18 -5 14 -17 6 -12 12 -3 1 2 7 -16 18 5 -16 -1 -5 -4 -14 
-19 -20 12 12 -1 14 20 6 15 19 19 -7 9 -12 -9 -14 8 -1 10 16 18 7 -16 17 5 11 -11 0 7 -4 
19 -13 -17 -14 14 11 2 -3 7 6 13 -12 6 2 -16 -13 20 5 4 3 -7 -20 -5 13 -11 -14 -8 -6 -1 -14 
-12 -14 -15 -10 -15 9 -5 -20 0 -11 -1 -16 19 -13 14 -8 7 -14 14 5 -15 -4 8 -11 -5 -10 1 -7 -11 19 
-17 -4 3 17 3 20 13 12 -9 16 11 -19 19 -1 14 6 8 19 10 -4 17 -5 6 14 -14 11 -17 8 8 -15 
-17 17 -1 -5 -1 9 1 -20 -11 16 19 10 -12 13 4 -4 -10 -14 -19 -17 9 -10 7 -7 0 17 6 11 4 13 
-13 -9 1 -4 9 0 -17 11 3 -11 -3 -5 -1 15 4 2 14 -9 -11 -9 7 -10 9 -18 1 5 -4 -13 -1 -1 
19 -13 4 13 -4 18 -17 -10 19 7 -10 0 10 -6 18 -14 6 -10 -10 5 -3 10 -16 -13 -14 -16 10 -20 -15 2 
-14 -7 -12 -8 16 -20 -6 -19 18 -3 13 2 6 11 -1 -14 -19 -2 14 7 -6 15 5 -5 17 -13 13 6 -9 6 
7 -1 5 15 -1 -7 9 18 5 3 3 -19 0 -6 1 4 5 17 -4 5 3 16 -4 -2 -19 -8 -10 6 -12 11 
-20 16 0 -19 -9 0 -8 14 20 -1 -8 7 -17 -7 -6 -11 2 20 -7 15 -18 20 13 -20 -20 -9 -10 5 3 -16 
-20 17 14 6 1 12 7 -8 8 -19 8 13 -15 9 15 15 18 -16 -2 -1 16 -18 1 19 -16 2 7 -1 18 -20 
-20 1 -16 19 -16 -7 4 -17 -16 19 6 10 -14 -1 -2 -15 15 -9 7 5 13 18 -5 18 -2 4 6 18 -14 13 
5 -3 15 11 -12 2 -6 13 -12 11 15 15 -18 4 -14 -9 -1 17 -15 -17 -1 -15 -13 -7 -8 -1 16 -6 -15 -5 
20 -7 18 11 10 5 8 -9 17 -10 7 -1 4 19 13 6 -8 -17 3 -13 -8 -2 20 -19 -13 -1 7 -4 1 8 

delta=0.5
swaps=7
H(B)=0.592351
b1_norm=59.95
time_ms=73.5372


delta=0.75
swaps=68
H(B)=0.608029
b1_norm=59.95
time_ms=183.342


delta=0.9
swaps=192
H(B)=0.619454
b1_norm=54.7083
time_ms=385.918


delta=0.95
swaps=263
H(B)=0.632242
b1_norm=52
time_ms=527.548


delta=0.99
swaps=311
H(B)=0.625451
b1_norm=52
time_ms=624.597


====================================
Matrix 49

-11 -9 8 -20 -14 12 -11 6 9 3 12 6 10 -7 -15 5 -12 -18 -5 -6 -2 1 -1 -9 6 -5 4 1 -19 18 
10 -6 -15 -17 18 16 6 -5 -2 0 20 -16 -17 -20 17 6 4 15 0 8 -13 -9 10 18 -17 4 3 -6 18 -3 
10 13 -5 -1 -8 2 -15 -10 20 -9 17 14 -4 -14 -12 -4 -18 13 -12 10 10 13 14 16 20 -6 18 -10 8 -17 
17 -9 19 -18 -11 -6 10 -4 -17 12 -18 6 -15 -3 -12 12 -17 -18 12 -5 8 5 -8 18 -20 -16 -18 -10 -17 5 
10 -2 -15 -14 16 -7 -10 -7 2 12 -14 -11 -20 14 -10 -5 6 13 14 -6 0 -5 -6 14 -2 20 15 11 -15 -13 
16 8 0 11 12 -5 -7 -11 3 9 -4 -16 -3 -20 4 9 -16 18 -11 -17 9 8 -4 -8 -6 12 -9 -13 1 -14 
-14 -17 11 -19 -13 -13 2 -6 18 2 -6 13 -14 9 4 -10 -1 19 19 4 9 17 4 -11 11 -8 -10 6 -6 -11 
20 6 18 7 -7 1 5 -5 18 7 18 -5 -15 2 6 -3 -18 3 -16 -14 13 -6 -16 -11 11 -3 5 13 14 0 
20 -14 -6 18 -13 9 -18 3 16 0 -17 -19 -8 -13 -18 12 -15 18 -2 15 -3 5 -9 3 18 -5 -18 6 -2 18 
-10 -5 -12 -4 -4 3 -4 -7 15 20 1 14 -7 -17 16 12 -12 -13 -15 2 9 -1 12 18 -8 -14 11 0 20 -5 
6 -15 17 0 10 -3 -11 -5 -19 12 12 -6 -2 -14 3 6 0 -3 19 -10 5 -15 -6 15 -20 -6 -12 15 0 10 
7 20 8 -8 8 -16 -5 -3 1 9 14 12 -10 -14 4 -8 -11 -15 19 10 -14 -16 -20 -5 8 2 -18 -8 -16 -3 
-2 -20 -7 1 -6 16 7 10 16 13 -19 8 -8 -20 16 7 15 14 -8 -17 -7 -10 -1 -14 7 16 -5 3 -6 17 
10 20 5 0 -5 -8 14 8 6 -1 18 -2 -6 -2 -6 7 11 14 -4 -19 -9 -11 11 -9 -11 -6 -1 18 -2 -16 
4 -15 -12 -17 -16 -18 5 20 -2 -12 -12 0 -1 -8 17 19 -8 7 -14 -11 4 -18 -6 -8 2 -15 20 -5 8 19 
-18 18 17 -7 -18 -13 10 -17 18 -11 11 -6 16 -16 2 -15 8 16 -19 -6 -15 6 -9 9 13 18 -13 -1 20 -18 
-7 0 14 -16 6 20 -6 -16 20 -19 -10 0 19 11 13 -7 5 10 3 18 12 14 3 14 6 10 -10 14 6 7 
11 -8 -2 -2 13 -2 -11 13 -19 13 -5 -14 2 -8 -9 -10 7 16 -17 4 8 6 17 -5 5 1 8 -14 1 -3 
20 20 -18 0 7 5 -16 -10 11 -1 11 16 14 -10 -18 2 -15 0 0 -10 -20 17 -18 17 14 19 4 -15 15 6 
-3 -2 -20 3 5 -14 -10 -18 2 -16 -10 -9 12 -16 -19 19 -8 -9 15 -6 -19 -12 -5 -14 -14 -11 -7 8 -9 14 
6 -11 -19 10 -19 20 1 4 -20 -17 -11 19 7 -3 7 10 -15 -14 18 4 2 3 -7 -16 -17 -3 -16 12 15 5 
-11 7 19 -4 10 8 -20 -7 -17 -20 -13 -8 -7 8 -19 12 -15 -14 14 -2 14 18 -12 11 1 2 7 15 -12 6 
-13 19 -15 -19 -16 -10 16 -18 -9 -11 18 7 6 4 18 -15 14 7 -3 -12 1 -18 19 -16 -16 -9 15 -9 16 12 
0 13 -15 10 -12 -12 9 -8 -5 3 17 -15 -10 4 -8 -5 -14 -3 -17 9 -2 13 10 20 -13 5 -7 11 -15 -10 
5 2 -20 10 -20 9 9 3 -17 14 -9 0 -1 7 3 -7 -20 -4 4 -8 17 -7 17 10 4 9 2 17 -17 -9 
-8 -13 8 4 -6 -1 16 -12 -12 -11 20 15 15 17 -13 20 -18 7 19 -13 16 -4 0 -4 5 6 18 -15 -16 4 
-19 -7 -6 -14 -17 -6 19 -3 -4 4 19 13 4 -14 0 12 16 -20 -2 16 -9 -15 6 -3 -4 20 -18 1 -5 20 
15 9 -11 20 -5 16 -8 16 -13 -7 6 0 -3 -10 14 -20 -13 18 16 8 -1 15 12 -16 18 -11 -9 15 -7 -13 
2 3 -8 15 -12 -4 2 -9 9 9 3 -1 -13 -11 -9 -12 -4 13 20 14 -19 -2 17 -20 -17 4 10 7 -3 19 
16 -18 -17 11 -10 -2 15 9 -13 15 0 11 -1 8 19 -8 19 4 16 19 14 -6 -4 7 5 -19 -10 11 3 -19 

delta=0.5
swaps=9
H(B)=0.609904
b1_norm=56.6657
time_ms=83.6547


delta=0.75
swaps=71
H(B)=0.617889
b1_norm=56.6657
time_ms=176.831


delta=0.9
swaps=180
H(B)=0.621799
b1_norm=56.6657
time_ms=340.281


delta=0.95
swaps=174
H(B)=0.60721
b1_norm=54.5527
time_ms=281.885


delta=0.99
swaps=243
H(B)=0.616919
b1_norm=54.5527
time_ms=440.013


====================================
Matrix 50

-16 2 6 -14 1 10 11 -13 19 -2 -8 7 -15 -7 -7 17 9 8 16 15 16 18 16 17 13 10 8 20 4 14 
14 -7 -6 -15 1 -17 2 0 11 -1 -4 7 -15 -4 11 7 20 -6 -1 -19 -9 17 -15 -9 10 -2 -12 1 3 -10 
0 18 19 -14 -18 7 4 18 20 5 -5 0 20 15 -18 -9 -8 11 20 -8 4 12 -5 5 -17 0 -13 -12 -19 -4 
-5 5 -14 -19 -14 -1 -4 -15 -4 -13 -16 15 -10 -18 -6 18 7 -19 2 -3 10 -13 10 14 -10 -7 18 4 -3 20 
-10 7 6 17 9 -17 20 -13 13 -2 -6 -2 -7 -11 -12 -20 12 -8 -18 16 16 -19 6 -1 -16 6 10 -9 19 8 
-14 10 18 16 -14 -15 3 9 18 -16 17 14 -1 16 -6 9 -19 17 20 -20 4 14 19 -19 -12 15 -7 -3 14 18 
-4 17 -19 7 0 3 1 1 17 4 8 6 -4 6 -16 -17 7 -13 -5 18 -14 20 -11 -1 19 9 1 -10 4 14 
-5 -5 9 -2 -3 -6 5 10 -3 10 1 7 -7 4 10 11 -4 -8 5 -7 12 17 17 -18 4 13 8 19 6 14 
-15 -16 1 11 -10 -19 -19 19 -5 13 -6 -3 5 -10 18 -5 -1 20 -13 -3 -20 -17 -12 -20 7 10 -12 12 -19 3 
-13 -3 -16 -13 -2 -9 5 -15 -10 20 20 -10 0 6 4 7 -6 -9 8 10 8 2 20 19 0 3 -1 -11 -20 5 
-4 6 12 -14 15 16 -13 0 -16 15 -4 -16 -4 -7 9 -2 -8 16 19 12 2 -15 -18 -8 -8 -15 -18 17 -4 7 
-12 -1 -1 3 -1 -17 10 14 3 7 -2 19 8 -6 18 -9 -9 19 18 -15 1 16 15 2 -2 0 -20 2 -6 -18 
18 -7 17 15 2 10 -14 -17 -18 1 -5 0 8 -5 -20 7 5 13 -17 -12 12 18 1 20 -12 8 5 -14 -5 10 
-16 -13 14 14 15 1 0 14 -13 -16 15 15 -13 -15 12 -3 3 16 18 12 -2 18 -14 2 -2 -2 -14 3 -7 0 
19 5 11 15 6 6 2 -10 9 4 -16 -14 8 4 -5 1 6 1 13 11 16 8 17 -17 -6 -11 14 -14 -6 -18 
-6 -16 17 6 14 13 5 -15 17 -20 16 14 -11 17 0 -4 -9 -14 -8 -16 -12 -7 19 -14 -8 -18 4 -17 0 13 
7 -5 16 6 2 -7 16 -16 -12 13 0 6 -11 -15 17 -19 -6 -10 1 2 14 -7 -4 -16 -10 -12 -10 17 -16 12 
9 3 5 -14 9 -15 -11 4 -13 14 6 5 -2 -19 1 20 19 14 0 2 11 1 -11 0 19 -16 -17 14 -15 -19 
-15 -8 0 -7 -18 -19 19 -18 16 -11 16 4 -15 5 -12 2 20 12 4 -12 -1 15 -17 16 -16 -8 -19 19 0 11 
-20 3 -13 2 6 -7 -17 12 16 2 6 2 13 -6 13 -4 8 -9 6 -9 11 16 13 3 -9 -7 -16 -14 9 1 
-16 -10 -3 12 -8 -1 1 5 -19 10 -11 20 -19 -13 14 5 16 16 15 -17 -16 17 4 -2 14 -4 -10 11 0 0 
15 3 16 20 -6 -13 5 -13 15 -17 3 -19 -10 15 10 -18 0 -5 -11 8 0 17 -19 10 4 15 6 1 3 16 
-15 -18 -3 13 8 3 -19 -10 4 -9 -8 20 -9 18 -6 19 12 3 1 9 -4 17 2 17 7 -2 10 -18 -8 0 
20 -17 -11 -9 18 7 8 -12 5 -14 20 5 -6 -10 -12 -4 1 -20 19 -5 -7 -5 13 8 18 3 7 -4 3 -9 
3 -18 -16 8 8 -2 13 9 15 5 10 0 -7 -1 -2 -14 19 5 -11 18 8 -12 -1 -8 -7 -18 2 -7 -17 4 
12 7 -3 17 -3 19 -10 3 -7 6 -16 7 -13 -5 8 -9 0 -18 -2 8 -1 -14 -10 -3 16 7 -4 16 -10 12 
19 17 -12 12 12 -15 -1 18 14 -2 -6 7 -7 7 14 -1 19 -13 -2 12 -12 -17 5 -11 -6 0 -13 8 7 -7 
-18 11 -20 -4 -5 11 14 0 -8 0 3 18 7 6 2 12 18 5 5 -3 -14 18 -4 -10 14 15 19 -7 -19 -4 
7 19 10 3 11 -11 -12 -5 4 -3 4 -5 3 12 -15 -12 2 -1 -1 -9 12 -1 19 -5 18 19 0 -10 3 3 
-15 -5 -17 15 13 -20 -4 -20 17 -15 4 -17 -11 8 4 10 2 -16 1 19 -20 6 7 15 -17 3 -5 13 1 -18 

delta=0.5
swaps=35
H(B)=0.554932
b1_norm=68.3301
time_ms=216.152


delta=0.75
swaps=81
H(B)=0.57023
b1_norm=56.8331
time_ms=268.966


delta=0.9
swaps=282
H(B)=0.58582
b1_norm=52.8394
time_ms=627.084


delta=0.95
swaps=332
H(B)=0.598336
b1_norm=52.8394
time_ms=824.318


delta=0.99
swaps=495
H(B)=0.595708
b1_norm=52.8394
time_ms=1122.31


